dex,name,image_url
1,Bulbasaur,https://img.pokemondb.net/artwork/bulbasaur.jpg
2,Ivysaur,https://img.pokemondb.net/artwork/ivysaur.jpg
3,Venusaur,https://img.pokemondb.net/artwork/venusaur.jpg
4,Charmander,https://img.pokemondb.net/artwork/charmander.jpg
5,Charmeleon,https://img.pokemondb.net/artwork/charmeleon.jpg
6,Charizard,https://img.pokemondb.net/artwork/charizard.jpg
7,Squirtle,https://img.pokemondb.net/artwork/squirtle.jpg
8,Wartortle,https://img.pokemondb.net/artwork/wartortle.jpg
9,Blastoise,https://img.pokemondb.net/artwork/blastoise.jpg
10,Caterpie,https://img.pokemondb.net/artwork/caterpie.jpg
11,Metapod,https://img.pokemondb.net/artwork/metapod.jpg
12,Butterfree,https://img.pokemondb.net/artwork/butterfree.jpg
13,Weedle,https://img.pokemondb.net/artwork/weedle.jpg
14,Kakuna,https://img.pokemondb.net/artwork/kakuna.jpg
15,Beedrill,https://img.pokemondb.net/artwork/beedrill.jpg
16,Pidgey,https://img.pokemondb.net/artwork/pidgey.jpg
17,Pidgeotto,https://img.pokemondb.net/artwork/pidgeotto.jpg
18,Pidgeot,https://img.pokemondb.net/artwork/pidgeot.jpg
19,Rattata,https://img.pokemondb.net/artwork/rattata.jpg
20,Raticate,https://img.pokemondb.net/artwork/raticate.jpg
21,Spearow,https://img.pokemondb.net/artwork/spearow.jpg
22,Fearow,https://img.pokemondb.net/artwork/fearow.jpg
23,Ekans,https://img.pokemondb.net/artwork/ekans.jpg
24,Arbok,https://img.pokemondb.net/artwork/arbok.jpg
25,Pikachu,https://img.pokemondb.net/artwork/pikachu.jpg
26,Raichu,https://img.pokemondb.net/artwork/raichu.jpg
27,Sandshrew,https://img.pokemondb.net/artwork/sandshrew.jpg
28,Sandslash,https://img.pokemondb.net/artwork/sandslash.jpg
29,Nidoran-F,https://img.pokemondb.net/artwork/nidoran-f.jpg
30,Nidorina,https://img.pokemondb.net/artwork/nidorina.jpg
31,Nidoqueen,https://img.pokemondb.net/artwork/nidoqueen.jpg
32,Nidoran-M,https://img.pokemondb.net/artwork/nidoran-m.jpg
33,Nidorino,https://img.pokemondb.net/artwork/nidorino.jpg
34,Nidoking,https://img.pokemondb.net/artwork/nidoking.jpg
35,Clefairy,https://img.pokemondb.net/artwork/clefairy.jpg
36,Clefable,https://img.pokemondb.net/artwork/clefable.jpg
37,Vulpix,https://img.pokemondb.net/artwork/vulpix.jpg
38,Ninetales,https://img.pokemondb.net/artwork/ninetales.jpg
39,Jigglypuff,https://img.pokemondb.net/artwork/jigglypuff.jpg
40,Wigglytuff,https://img.pokemondb.net/artwork/wigglytuff.jpg
41,Zubat,https://img.pokemondb.net/artwork/zubat.jpg
42,Golbat,https://img.pokemondb.net/artwork/golbat.jpg
43,Oddish,https://img.pokemondb.net/artwork/oddish.jpg
44,Gloom,https://img.pokemondb.net/artwork/gloom.jpg
45,Vileplume,https://img.pokemondb.net/artwork/vileplume.jpg
46,Paras,https://img.pokemondb.net/artwork/paras.jpg
47,Parasect,https://img.pokemondb.net/artwork/parasect.jpg
48,Venonat,https://img.pokemondb.net/artwork/venonat.jpg
49,Venomoth,https://img.pokemondb.net/artwork/venomoth.jpg
50,Diglett,https://img.pokemondb.net/artwork/diglett.jpg
51,Dugtrio,https://img.pokemondb.net/artwork/dugtrio.jpg
52,Meowth,https://img.pokemondb.net/artwork/meowth.jpg
53,Persian,https://img.pokemondb.net/artwork/persian.jpg
54,Psyduck,https://img.pokemondb.net/artwork/psyduck.jpg
55,Golduck,https://img.pokemondb.net/artwork/golduck.jpg
56,Mankey,https://img.pokemondb.net/artwork/mankey.jpg
57,Primeape,https://img.pokemondb.net/artwork/primeape.jpg
58,Growlithe,https://img.pokemondb.net/artwork/growlithe.jpg
59,Arcanine,https://img.pokemondb.net/artwork/arcanine.jpg
60,Poliwag,https://img.pokemondb.net/artwork/poliwag.jpg
61,Poliwhirl,https://img.pokemondb.net/artwork/poliwhirl.jpg
62,Poliwrath,https://img.pokemondb.net/artwork/poliwrath.jpg
63,Abra,https://img.pokemondb.net/artwork/abra.jpg
64,Kadabra,https://img.pokemondb.net/artwork/kadabra.jpg
65,Alakazam,https://img.pokemondb.net/artwork/alakazam.jpg
66,Machop,https://img.pokemondb.net/artwork/machop.jpg
67,Machoke,https://img.pokemondb.net/artwork/machoke.jpg
68,Machamp,https://img.pokemondb.net/artwork/machamp.jpg
69,Bellsprout,https://img.pokemondb.net/artwork/bellsprout.jpg
70,Weepinbell,https://img.pokemondb.net/artwork/weepinbell.jpg
71,Victreebel,https://img.pokemondb.net/artwork/victreebel.jpg
72,Tentacool,https://img.pokemondb.net/artwork/tentacool.jpg
73,Tentacruel,https://img.pokemondb.net/artwork/tentacruel.jpg
74,Geodude,https://img.pokemondb.net/artwork/geodude.jpg
75,Graveler,https://img.pokemondb.net/artwork/graveler.jpg
76,Golem,https://img.pokemondb.net/artwork/golem.jpg
77,Ponyta,https://img.pokemondb.net/artwork/ponyta.jpg
78,Rapidash,https://img.pokemondb.net/artwork/rapidash.jpg
79,Slowpoke,https://img.pokemondb.net/artwork/slowpoke.jpg
80,Slowbro,https://img.pokemondb.net/artwork/slowbro.jpg
81,Magnemite,https://img.pokemondb.net/artwork/magnemite.jpg
82,Magneton,https://img.pokemondb.net/artwork/magneton.jpg
83,Farfetchd,https://img.pokemondb.net/artwork/farfetchd.jpg
84,Doduo,https://img.pokemondb.net/artwork/doduo.jpg
85,Dodrio,https://img.pokemondb.net/artwork/dodrio.jpg
86,Seel,https://img.pokemondb.net/artwork/seel.jpg
87,Dewgong,https://img.pokemondb.net/artwork/dewgong.jpg
88,Grimer,https://img.pokemondb.net/artwork/grimer.jpg
89,Muk,https://img.pokemondb.net/artwork/muk.jpg
90,Shellder,https://img.pokemondb.net/artwork/shellder.jpg
91,Cloyster,https://img.pokemondb.net/artwork/cloyster.jpg
92,Gastly,https://img.pokemondb.net/artwork/gastly.jpg
93,Haunter,https://img.pokemondb.net/artwork/haunter.jpg
94,Gengar,https://img.pokemondb.net/artwork/gengar.jpg
95,Onix,https://img.pokemondb.net/artwork/onix.jpg
96,Drowzee,https://img.pokemondb.net/artwork/drowzee.jpg
97,Hypno,https://img.pokemondb.net/artwork/hypno.jpg
98,Krabby,https://img.pokemondb.net/artwork/krabby.jpg
99,Kingler,https://img.pokemondb.net/artwork/kingler.jpg
100,Voltorb,https://img.pokemondb.net/artwork/voltorb.jpg
101,Electrode,https://img.pokemondb.net/artwork/electrode.jpg
102,Exeggcute,https://img.pokemondb.net/artwork/exeggcute.jpg
103,Exeggutor,https://img.pokemondb.net/artwork/exeggutor.jpg
104,Cubone,https://img.pokemondb.net/artwork/cubone.jpg
105,Marowak,https://img.pokemondb.net/artwork/marowak.jpg
106,Hitmonlee,https://img.pokemondb.net/artwork/hitmonlee.jpg
107,Hitmonchan,https://img.pokemondb.net/artwork/hitmonchan.jpg
108,Lickitung,https://img.pokemondb.net/artwork/lickitung.jpg
109,Koffing,https://img.pokemondb.net/artwork/koffing.jpg
110,Weezing,https://img.pokemondb.net/artwork/weezing.jpg
111,Rhyhorn,https://img.pokemondb.net/artwork/rhyhorn.jpg
112,Rhydon,https://img.pokemondb.net/artwork/rhydon.jpg
113,Chansey,https://img.pokemondb.net/artwork/chansey.jpg
114,Tangela,https://img.pokemondb.net/artwork/tangela.jpg
115,Kangaskhan,https://img.pokemondb.net/artwork/kangaskhan.jpg
116,Horsea,https://img.pokemondb.net/artwork/horsea.jpg
117,Seadra,https://img.pokemondb.net/artwork/seadra.jpg
118,Goldeen,https://img.pokemondb.net/artwork/goldeen.jpg
119,Seaking,https://img.pokemondb.net/artwork/seaking.jpg
120,Staryu,https://img.pokemondb.net/artwork/staryu.jpg
121,Starmie,https://img.pokemondb.net/artwork/starmie.jpg
122,Mr-Mime,https://img.pokemondb.net/artwork/mr-mime.jpg
123,Scyther,https://img.pokemondb.net/artwork/scyther.jpg
124,Jynx,https://img.pokemondb.net/artwork/jynx.jpg
125,Electabuzz,https://img.pokemondb.net/artwork/electabuzz.jpg
126,Magmar,https://img.pokemondb.net/artwork/magmar.jpg
127,Pinsir,https://img.pokemondb.net/artwork/pinsir.jpg
128,Tauros,https://img.pokemondb.net/artwork/tauros.jpg
129,Magikarp,https://img.pokemondb.net/artwork/magikarp.jpg
130,Gyarados,https://img.pokemondb.net/artwork/gyarados.jpg
131,Lapras,https://img.pokemondb.net/artwork/lapras.jpg
132,Ditto,https://img.pokemondb.net/artwork/ditto.jpg
133,Eevee,https://img.pokemondb.net/artwork/eevee.jpg
134,Vaporeon,https://img.pokemondb.net/artwork/vaporeon.jpg
135,Jolteon,https://img.pokemondb.net/artwork/jolteon.jpg
136,Flareon,https://img.pokemondb.net/artwork/flareon.jpg
137,Porygon,https://img.pokemondb.net/artwork/porygon.jpg
138,Omanyte,https://img.pokemondb.net/artwork/omanyte.jpg
139,Omastar,https://img.pokemondb.net/artwork/omastar.jpg
140,Kabuto,https://img.pokemondb.net/artwork/kabuto.jpg
141,Kabutops,https://img.pokemondb.net/artwork/kabutops.jpg
142,Aerodactyl,https://img.pokemondb.net/artwork/aerodactyl.jpg
143,Snorlax,https://img.pokemondb.net/artwork/snorlax.jpg
144,Articuno,https://img.pokemondb.net/artwork/articuno.jpg
145,Zapdos,https://img.pokemondb.net/artwork/zapdos.jpg
146,Moltres,https://img.pokemondb.net/artwork/moltres.jpg
147,Dratini,https://img.pokemondb.net/artwork/dratini.jpg
148,Dragonair,https://img.pokemondb.net/artwork/dragonair.jpg
149,Dragonite,https://img.pokemondb.net/artwork/dragonite.jpg
150,Mewtwo,https://img.pokemondb.net/artwork/mewtwo.jpg
151,Mew,https://img.pokemondb.net/artwork/mew.jpg
152,Chikorita,https://img.pokemondb.net/artwork/chikorita.jpg
153,Bayleef,https://img.pokemondb.net/artwork/bayleef.jpg
154,Meganium,https://img.pokemondb.net/artwork/meganium.jpg
155,Cyndaquil,https://img.pokemondb.net/artwork/cyndaquil.jpg
156,Quilava,https://img.pokemondb.net/artwork/quilava.jpg
157,Typhlosion,https://img.pokemondb.net/artwork/typhlosion.jpg
158,Totodile,https://img.pokemondb.net/artwork/totodile.jpg
159,Croconaw,https://img.pokemondb.net/artwork/croconaw.jpg
160,Feraligatr,https://img.pokemondb.net/artwork/feraligatr.jpg
161,Sentret,https://img.pokemondb.net/artwork/sentret.jpg
162,Furret,https://img.pokemondb.net/artwork/furret.jpg
163,Hoothoot,https://img.pokemondb.net/artwork/hoothoot.jpg
164,Noctowl,https://img.pokemondb.net/artwork/noctowl.jpg
165,Ledyba,https://img.pokemondb.net/artwork/ledyba.jpg
166,Ledian,https://img.pokemondb.net/artwork/ledian.jpg
167,Spinarak,https://img.pokemondb.net/artwork/spinarak.jpg
168,Ariados,https://img.pokemondb.net/artwork/ariados.jpg
169,Crobat,https://img.pokemondb.net/artwork/crobat.jpg
170,Chinchou,https://img.pokemondb.net/artwork/chinchou.jpg
171,Lanturn,https://img.pokemondb.net/artwork/lanturn.jpg
172,Pichu,https://img.pokemondb.net/artwork/pichu.jpg
173,Cleffa,https://img.pokemondb.net/artwork/cleffa.jpg
174,Igglybuff,https://img.pokemondb.net/artwork/igglybuff.jpg
175,Togepi,https://img.pokemondb.net/artwork/togepi.jpg
176,Togetic,https://img.pokemondb.net/artwork/togetic.jpg
177,Natu,https://img.pokemondb.net/artwork/natu.jpg
178,Xatu,https://img.pokemondb.net/artwork/xatu.jpg
179,Mareep,https://img.pokemondb.net/artwork/mareep.jpg
180,Flaaffy,https://img.pokemondb.net/artwork/flaaffy.jpg
181,Ampharos,https://img.pokemondb.net/artwork/ampharos.jpg
182,Bellossom,https://img.pokemondb.net/artwork/bellossom.jpg
183,Marill,https://img.pokemondb.net/artwork/marill.jpg
184,Azumarill,https://img.pokemondb.net/artwork/azumarill.jpg
185,Sudowoodo,https://img.pokemondb.net/artwork/sudowoodo.jpg
186,Politoed,https://img.pokemondb.net/artwork/politoed.jpg
187,Hoppip,https://img.pokemondb.net/artwork/hoppip.jpg
188,Skiploom,https://img.pokemondb.net/artwork/skiploom.jpg
189,Jumpluff,https://img.pokemondb.net/artwork/jumpluff.jpg
190,Aipom,https://img.pokemondb.net/artwork/aipom.jpg
191,Sunkern,https://img.pokemondb.net/artwork/sunkern.jpg
192,Sunflora,https://img.pokemondb.net/artwork/sunflora.jpg
193,Yanma,https://img.pokemondb.net/artwork/yanma.jpg
194,Wooper,https://img.pokemondb.net/artwork/wooper.jpg
195,Quagsire,https://img.pokemondb.net/artwork/quagsire.jpg
196,Espeon,https://img.pokemondb.net/artwork/espeon.jpg
197,Umbreon,https://img.pokemondb.net/artwork/umbreon.jpg
198,Murkrow,https://img.pokemondb.net/artwork/murkrow.jpg
199,Slowking,https://img.pokemondb.net/artwork/slowking.jpg
200,Misdreavus,https://img.pokemondb.net/artwork/misdreavus.jpg
201,Unown,https://img.pokemondb.net/artwork/unown.jpg
202,Wobbuffet,https://img.pokemondb.net/artwork/wobbuffet.jpg
203,Girafarig,https://img.pokemondb.net/artwork/girafarig.jpg
204,Pineco,https://img.pokemondb.net/artwork/pineco.jpg
205,Forretress,https://img.pokemondb.net/artwork/forretress.jpg
206,Dunsparce,https://img.pokemondb.net/artwork/dunsparce.jpg
207,Gligar,https://img.pokemondb.net/artwork/gligar.jpg
208,Steelix,https://img.pokemondb.net/artwork/steelix.jpg
209,Snubbull,https://img.pokemondb.net/artwork/snubbull.jpg
210,Granbull,https://img.pokemondb.net/artwork/granbull.jpg
211,Qwilfish,https://img.pokemondb.net/artwork/qwilfish.jpg
212,Scizor,https://img.pokemondb.net/artwork/scizor.jpg
213,Shuckle,https://img.pokemondb.net/artwork/shuckle.jpg
214,Heracross,https://img.pokemondb.net/artwork/heracross.jpg
215,Sneasel,https://img.pokemondb.net/artwork/sneasel.jpg
216,Teddiursa,https://img.pokemondb.net/artwork/teddiursa.jpg
217,Ursaring,https://img.pokemondb.net/artwork/ursaring.jpg
218,Slugma,https://img.pokemondb.net/artwork/slugma.jpg
219,Magcargo,https://img.pokemondb.net/artwork/magcargo.jpg
220,Swinub,https://img.pokemondb.net/artwork/swinub.jpg
221,Piloswine,https://img.pokemondb.net/artwork/piloswine.jpg
222,Corsola,https://img.pokemondb.net/artwork/corsola.jpg
223,Remoraid,https://img.pokemondb.net/artwork/remoraid.jpg
224,Octillery,https://img.pokemondb.net/artwork/octillery.jpg
225,Delibird,https://img.pokemondb.net/artwork/delibird.jpg
226,Mantine,https://img.pokemondb.net/artwork/mantine.jpg
227,Skarmory,https://img.pokemondb.net/artwork/skarmory.jpg
228,Houndour,https://img.pokemondb.net/artwork/houndour.jpg
229,Houndoom,https://img.pokemondb.net/artwork/houndoom.jpg
230,Kingdra,https://img.pokemondb.net/artwork/kingdra.jpg
231,Phanpy,https://img.pokemondb.net/artwork/phanpy.jpg
232,Donphan,https://img.pokemondb.net/artwork/donphan.jpg
233,Porygon2,https://img.pokemondb.net/artwork/porygon2.jpg
234,Stantler,https://img.pokemondb.net/artwork/stantler.jpg
235,Smeargle,https://img.pokemondb.net/artwork/smeargle.jpg
236,Tyrogue,https://img.pokemondb.net/artwork/tyrogue.jpg
237,Hitmontop,https://img.pokemondb.net/artwork/hitmontop.jpg
238,Smoochum,https://img.pokemondb.net/artwork/smoochum.jpg
239,Elekid,https://img.pokemondb.net/artwork/elekid.jpg
240,Magby,https://img.pokemondb.net/artwork/magby.jpg
241,Miltank,https://img.pokemondb.net/artwork/miltank.jpg
242,Blissey,https://img.pokemondb.net/artwork/blissey.jpg
243,Raikou,https://img.pokemondb.net/artwork/raikou.jpg
244,Entei,https://img.pokemondb.net/artwork/entei.jpg
245,Suicune,https://img.pokemondb.net/artwork/suicune.jpg
246,Larvitar,https://img.pokemondb.net/artwork/larvitar.jpg
247,Pupitar,https://img.pokemondb.net/artwork/pupitar.jpg
248,Tyranitar,https://img.pokemondb.net/artwork/tyranitar.jpg
249,Lugia,https://img.pokemondb.net/artwork/lugia.jpg
250,Ho-Oh,https://img.pokemondb.net/artwork/ho-oh.jpg
251,Celebi,https://img.pokemondb.net/artwork/celebi.jpg
252,Treecko,https://img.pokemondb.net/artwork/treecko.jpg
253,Grovyle,https://img.pokemondb.net/artwork/grovyle.jpg
254,Sceptile,https://img.pokemondb.net/artwork/sceptile.jpg
255,Torchic,https://img.pokemondb.net/artwork/torchic.jpg
256,Combusken,https://img.pokemondb.net/artwork/combusken.jpg
257,Blaziken,https://img.pokemondb.net/artwork/blaziken.jpg
258,Mudkip,https://img.pokemondb.net/artwork/mudkip.jpg
259,Marshtomp,https://img.pokemondb.net/artwork/marshtomp.jpg
260,Swampert,https://img.pokemondb.net/artwork/swampert.jpg
261,Poochyena,https://img.pokemondb.net/artwork/poochyena.jpg
262,Mightyena,https://img.pokemondb.net/artwork/mightyena.jpg
263,Zigzagoon,https://img.pokemondb.net/artwork/zigzagoon.jpg
264,Linoone,https://img.pokemondb.net/artwork/linoone.jpg
265,Wurmple,https://img.pokemondb.net/artwork/wurmple.jpg
266,Silcoon,https://img.pokemondb.net/artwork/silcoon.jpg
267,Beautifly,https://img.pokemondb.net/artwork/beautifly.jpg
268,Cascoon,https://img.pokemondb.net/artwork/cascoon.jpg
269,Dustox,https://img.pokemondb.net/artwork/dustox.jpg
270,Lotad,https://img.pokemondb.net/artwork/lotad.jpg
271,Lombre,https://img.pokemondb.net/artwork/lombre.jpg
272,Ludicolo,https://img.pokemondb.net/artwork/ludicolo.jpg
273,Seedot,https://img.pokemondb.net/artwork/seedot.jpg
274,Nuzleaf,https://img.pokemondb.net/artwork/nuzleaf.jpg
275,Shiftry,https://img.pokemondb.net/artwork/shiftry.jpg
276,Taillow,https://img.pokemondb.net/artwork/taillow.jpg
277,Swellow,https://img.pokemondb.net/artwork/swellow.jpg
278,Wingull,https://img.pokemondb.net/artwork/wingull.jpg
279,Pelipper,https://img.pokemondb.net/artwork/pelipper.jpg
280,Ralts,https://img.pokemondb.net/artwork/ralts.jpg
281,Kirlia,https://img.pokemondb.net/artwork/kirlia.jpg
282,Gardevoir,https://img.pokemondb.net/artwork/gardevoir.jpg
283,Surskit,https://img.pokemondb.net/artwork/surskit.jpg
284,Masquerain,https://img.pokemondb.net/artwork/masquerain.jpg
285,Shroomish,https://img.pokemondb.net/artwork/shroomish.jpg
286,Breloom,https://img.pokemondb.net/artwork/breloom.jpg
287,Slakoth,https://img.pokemondb.net/artwork/slakoth.jpg
288,Vigoroth,https://img.pokemondb.net/artwork/vigoroth.jpg
289,Slaking,https://img.pokemondb.net/artwork/slaking.jpg
290,Nincada,https://img.pokemondb.net/artwork/nincada.jpg
291,Ninjask,https://img.pokemondb.net/artwork/ninjask.jpg
292,Shedinja,https://img.pokemondb.net/artwork/shedinja.jpg
293,Whismur,https://img.pokemondb.net/artwork/whismur.jpg
294,Loudred,https://img.pokemondb.net/artwork/loudred.jpg
295,Exploud,https://img.pokemondb.net/artwork/exploud.jpg
296,Makuhita,https://img.pokemondb.net/artwork/makuhita.jpg
297,Hariyama,https://img.pokemondb.net/artwork/hariyama.jpg
298,Azurill,https://img.pokemondb.net/artwork/azurill.jpg
299,Nosepass,https://img.pokemondb.net/artwork/nosepass.jpg
300,Skitty,https://img.pokemondb.net/artwork/skitty.jpg
301,Delcatty,https://img.pokemondb.net/artwork/delcatty.jpg
302,Sableye,https://img.pokemondb.net/artwork/sableye.jpg
303,Mawile,https://img.pokemondb.net/artwork/mawile.jpg
304,Aron,https://img.pokemondb.net/artwork/aron.jpg
305,Lairon,https://img.pokemondb.net/artwork/lairon.jpg
306,Aggron,https://img.pokemondb.net/artwork/aggron.jpg
307,Meditite,https://img.pokemondb.net/artwork/meditite.jpg
308,Medicham,https://img.pokemondb.net/artwork/medicham.jpg
309,Electrike,https://img.pokemondb.net/artwork/electrike.jpg
310,Manectric,https://img.pokemondb.net/artwork/manectric.jpg
311,Plusle,https://img.pokemondb.net/artwork/plusle.jpg
312,Minun,https://img.pokemondb.net/artwork/minun.jpg
313,Volbeat,https://img.pokemondb.net/artwork/volbeat.jpg
314,Illumise,https://img.pokemondb.net/artwork/illumise.jpg
315,Roselia,https://img.pokemondb.net/artwork/roselia.jpg
316,Gulpin,https://img.pokemondb.net/artwork/gulpin.jpg
317,Swalot,https://img.pokemondb.net/artwork/swalot.jpg
318,Carvanha,https://img.pokemondb.net/artwork/carvanha.jpg
319,Sharpedo,https://img.pokemondb.net/artwork/sharpedo.jpg
320,Wailmer,https://img.pokemondb.net/artwork/wailmer.jpg
321,Wailord,https://img.pokemondb.net/artwork/wailord.jpg
322,Numel,https://img.pokemondb.net/artwork/numel.jpg
323,Camerupt,https://img.pokemondb.net/artwork/camerupt.jpg
324,Torkoal,https://img.pokemondb.net/artwork/torkoal.jpg
325,Spoink,https://img.pokemondb.net/artwork/spoink.jpg
326,Grumpig,https://img.pokemondb.net/artwork/grumpig.jpg
327,Spinda,https://img.pokemondb.net/artwork/spinda.jpg
328,Trapinch,https://img.pokemondb.net/artwork/trapinch.jpg
329,Vibrava,https://img.pokemondb.net/artwork/vibrava.jpg
330,Flygon,https://img.pokemondb.net/artwork/flygon.jpg
331,Cacnea,https://img.pokemondb.net/artwork/cacnea.jpg
332,Cacturne,https://img.pokemondb.net/artwork/cacturne.jpg
333,Swablu,https://img.pokemondb.net/artwork/swablu.jpg
334,Altaria,https://img.pokemondb.net/artwork/altaria.jpg
335,Zangoose,https://img.pokemondb.net/artwork/zangoose.jpg
336,Seviper,https://img.pokemondb.net/artwork/seviper.jpg
337,Lunatone,https://img.pokemondb.net/artwork/lunatone.jpg
338,Solrock,https://img.pokemondb.net/artwork/solrock.jpg
339,Barboach,https://img.pokemondb.net/artwork/barboach.jpg
340,Whiscash,https://img.pokemondb.net/artwork/whiscash.jpg
341,Corphish,https://img.pokemondb.net/artwork/corphish.jpg
342,Crawdaunt,https://img.pokemondb.net/artwork/crawdaunt.jpg
343,Baltoy,https://img.pokemondb.net/artwork/baltoy.jpg
344,Claydol,https://img.pokemondb.net/artwork/claydol.jpg
345,Lileep,https://img.pokemondb.net/artwork/lileep.jpg
346,Cradily,https://img.pokemondb.net/artwork/cradily.jpg
347,Anorith,https://img.pokemondb.net/artwork/anorith.jpg
348,Armaldo,https://img.pokemondb.net/artwork/armaldo.jpg
349,Feebas,https://img.pokemondb.net/artwork/feebas.jpg
350,Milotic,https://img.pokemondb.net/artwork/milotic.jpg
351,Castform,https://img.pokemondb.net/artwork/castform.jpg
352,Kecleon,https://img.pokemondb.net/artwork/kecleon.jpg
353,Shuppet,https://img.pokemondb.net/artwork/shuppet.jpg
354,Banette,https://img.pokemondb.net/artwork/banette.jpg
355,Duskull,https://img.pokemondb.net/artwork/duskull.jpg
356,Dusclops,https://img.pokemondb.net/artwork/dusclops.jpg
357,Tropius,https://img.pokemondb.net/artwork/tropius.jpg
358,Chimecho,https://img.pokemondb.net/artwork/chimecho.jpg
359,Absol,https://img.pokemondb.net/artwork/absol.jpg
360,Wynaut,https://img.pokemondb.net/artwork/wynaut.jpg
361,Snorunt,https://img.pokemondb.net/artwork/snorunt.jpg
362,Glalie,https://img.pokemondb.net/artwork/glalie.jpg
363,Spheal,https://img.pokemondb.net/artwork/spheal.jpg
364,Sealeo,https://img.pokemondb.net/artwork/sealeo.jpg
365,Walrein,https://img.pokemondb.net/artwork/walrein.jpg
366,Clamperl,https://img.pokemondb.net/artwork/clamperl.jpg
367,Huntail,https://img.pokemondb.net/artwork/huntail.jpg
368,Gorebyss,https://img.pokemondb.net/artwork/gorebyss.jpg
369,Relicanth,https://img.pokemondb.net/artwork/relicanth.jpg
370,Luvdisc,https://img.pokemondb.net/artwork/luvdisc.jpg
371,Bagon,https://img.pokemondb.net/artwork/bagon.jpg
372,Shelgon,https://img.pokemondb.net/artwork/shelgon.jpg
373,Salamence,https://img.pokemondb.net/artwork/salamence.jpg
374,Beldum,https://img.pokemondb.net/artwork/beldum.jpg
375,Metang,https://img.pokemondb.net/artwork/metang.jpg
376,Metagross,https://img.pokemondb.net/artwork/metagross.jpg
377,Regirock,https://img.pokemondb.net/artwork/regirock.jpg
378,Regice,https://img.pokemondb.net/artwork/regice.jpg
379,Registeel,https://img.pokemondb.net/artwork/registeel.jpg
380,Latias,https://img.pokemondb.net/artwork/latias.jpg
381,Latios,https://img.pokemondb.net/artwork/latios.jpg
382,Kyogre,https://img.pokemondb.net/artwork/kyogre.jpg
383,Groudon,https://img.pokemondb.net/artwork/groudon.jpg
384,Rayquaza,https://img.pokemondb.net/artwork/rayquaza.jpg
385,Jirachi,https://img.pokemondb.net/artwork/jirachi.jpg
386,Deoxys-Normal,https://img.pokemondb.net/artwork/deoxys-normal.jpg
387,Turtwig,https://img.pokemondb.net/artwork/turtwig.jpg
388,Grotle,https://img.pokemondb.net/artwork/grotle.jpg
389,Torterra,https://img.pokemondb.net/artwork/torterra.jpg
390,Chimchar,https://img.pokemondb.net/artwork/chimchar.jpg
391,Monferno,https://img.pokemondb.net/artwork/monferno.jpg
392,Infernape,https://img.pokemondb.net/artwork/infernape.jpg
393,Piplup,https://img.pokemondb.net/artwork/piplup.jpg
394,Prinplup,https://img.pokemondb.net/artwork/prinplup.jpg
395,Empoleon,https://img.pokemondb.net/artwork/empoleon.jpg
396,Starly,https://img.pokemondb.net/artwork/starly.jpg
397,Staravia,https://img.pokemondb.net/artwork/staravia.jpg
398,Staraptor,https://img.pokemondb.net/artwork/staraptor.jpg
399,Bidoof,https://img.pokemondb.net/artwork/bidoof.jpg
400,Bibarel,https://img.pokemondb.net/artwork/bibarel.jpg
401,Kricketot,https://img.pokemondb.net/artwork/kricketot.jpg
402,Kricketune,https://img.pokemondb.net/artwork/kricketune.jpg
403,Shinx,https://img.pokemondb.net/artwork/shinx.jpg
404,Luxio,https://img.pokemondb.net/artwork/luxio.jpg
405,Luxray,https://img.pokemondb.net/artwork/luxray.jpg
406,Budew,https://img.pokemondb.net/artwork/budew.jpg
407,Roserade,https://img.pokemondb.net/artwork/roserade.jpg
408,Cranidos,https://img.pokemondb.net/artwork/cranidos.jpg
409,Rampardos,https://img.pokemondb.net/artwork/rampardos.jpg
410,Shieldon,https://img.pokemondb.net/artwork/shieldon.jpg
411,Bastiodon,https://img.pokemondb.net/artwork/bastiodon.jpg
412,Burmy,https://img.pokemondb.net/artwork/burmy.jpg
413,Wormadam-Plant,https://img.pokemondb.net/artwork/wormadam-plant.jpg
414,Mothim,https://img.pokemondb.net/artwork/mothim.jpg
415,Combee,https://img.pokemondb.net/artwork/combee.jpg
416,Vespiquen,https://img.pokemondb.net/artwork/vespiquen.jpg
417,Pachirisu,https://img.pokemondb.net/artwork/pachirisu.jpg
418,Buizel,https://img.pokemondb.net/artwork/buizel.jpg
419,Floatzel,https://img.pokemondb.net/artwork/floatzel.jpg
420,Cherubi,https://img.pokemondb.net/artwork/cherubi.jpg
421,Cherrim,https://img.pokemondb.net/artwork/cherrim.jpg
422,Shellos,https://img.pokemondb.net/artwork/shellos.jpg
423,Gastrodon,https://img.pokemondb.net/artwork/gastrodon.jpg
424,Ambipom,https://img.pokemondb.net/artwork/ambipom.jpg
425,Drifloon,https://img.pokemondb.net/artwork/drifloon.jpg
426,Drifblim,https://img.pokemondb.net/artwork/drifblim.jpg
427,Buneary,https://img.pokemondb.net/artwork/buneary.jpg
428,Lopunny,https://img.pokemondb.net/artwork/lopunny.jpg
429,Mismagius,https://img.pokemondb.net/artwork/mismagius.jpg
430,Honchkrow,https://img.pokemondb.net/artwork/honchkrow.jpg
431,Glameow,https://img.pokemondb.net/artwork/glameow.jpg
432,Purugly,https://img.pokemondb.net/artwork/purugly.jpg
433,Chingling,https://img.pokemondb.net/artwork/chingling.jpg
434,Stunky,https://img.pokemondb.net/artwork/stunky.jpg
435,Skuntank,https://img.pokemondb.net/artwork/skuntank.jpg
436,Bronzor,https://img.pokemondb.net/artwork/bronzor.jpg
437,Bronzong,https://img.pokemondb.net/artwork/bronzong.jpg
438,Bonsly,https://img.pokemondb.net/artwork/bonsly.jpg
439,Mime-Jr,https://img.pokemondb.net/artwork/mime-jr.jpg
440,Happiny,https://img.pokemondb.net/artwork/happiny.jpg
441,Chatot,https://img.pokemondb.net/artwork/chatot.jpg
442,Spiritomb,https://img.pokemondb.net/artwork/spiritomb.jpg
443,Gible,https://img.pokemondb.net/artwork/gible.jpg
444,Gabite,https://img.pokemondb.net/artwork/gabite.jpg
445,Garchomp,https://img.pokemondb.net/artwork/garchomp.jpg
446,Munchlax,https://img.pokemondb.net/artwork/munchlax.jpg
447,Riolu,https://img.pokemondb.net/artwork/riolu.jpg
448,Lucario,https://img.pokemondb.net/artwork/lucario.jpg
449,Hippopotas,https://img.pokemondb.net/artwork/hippopotas.jpg
450,Hippowdon,https://img.pokemondb.net/artwork/hippowdon.jpg
451,Skorupi,https://img.pokemondb.net/artwork/skorupi.jpg
452,Drapion,https://img.pokemondb.net/artwork/drapion.jpg
453,Croagunk,https://img.pokemondb.net/artwork/croagunk.jpg
454,Toxicroak,https://img.pokemondb.net/artwork/toxicroak.jpg
455,Carnivine,https://img.pokemondb.net/artwork/carnivine.jpg
456,Finneon,https://img.pokemondb.net/artwork/finneon.jpg
457,Lumineon,https://img.pokemondb.net/artwork/lumineon.jpg
458,Mantyke,https://img.pokemondb.net/artwork/mantyke.jpg
459,Snover,https://img.pokemondb.net/artwork/snover.jpg
460,Abomasnow,https://img.pokemondb.net/artwork/abomasnow.jpg
461,Weavile,https://img.pokemondb.net/artwork/weavile.jpg
462,Magnezone,https://img.pokemondb.net/artwork/magnezone.jpg
463,Lickilicky,https://img.pokemondb.net/artwork/lickilicky.jpg
464,Rhyperior,https://img.pokemondb.net/artwork/rhyperior.jpg
465,Tangrowth,https://img.pokemondb.net/artwork/tangrowth.jpg
466,Electivire,https://img.pokemondb.net/artwork/electivire.jpg
467,Magmortar,https://img.pokemondb.net/artwork/magmortar.jpg
468,Togekiss,https://img.pokemondb.net/artwork/togekiss.jpg
469,Yanmega,https://img.pokemondb.net/artwork/yanmega.jpg
470,Leafeon,https://img.pokemondb.net/artwork/leafeon.jpg
471,Glaceon,https://img.pokemondb.net/artwork/glaceon.jpg
472,Gliscor,https://img.pokemondb.net/artwork/gliscor.jpg
473,Mamoswine,https://img.pokemondb.net/artwork/mamoswine.jpg
474,Porygon-Z,https://img.pokemondb.net/artwork/porygon-z.jpg
475,Gallade,https://img.pokemondb.net/artwork/gallade.jpg
476,Probopass,https://img.pokemondb.net/artwork/probopass.jpg
477,Dusknoir,https://img.pokemondb.net/artwork/dusknoir.jpg
478,Froslass,https://img.pokemondb.net/artwork/froslass.jpg
479,Rotom,https://img.pokemondb.net/artwork/rotom.jpg
480,Uxie,https://img.pokemondb.net/artwork/uxie.jpg
481,Mesprit,https://img.pokemondb.net/artwork/mesprit.jpg
482,Azelf,https://img.pokemondb.net/artwork/azelf.jpg
483,Dialga,https://img.pokemondb.net/artwork/dialga.jpg
484,Palkia,https://img.pokemondb.net/artwork/palkia.jpg
485,Heatran,https://img.pokemondb.net/artwork/heatran.jpg
486,Regigigas,https://img.pokemondb.net/artwork/regigigas.jpg
487,Giratina-Altered,https://img.pokemondb.net/artwork/giratina-altered.jpg
488,Cresselia,https://img.pokemondb.net/artwork/cresselia.jpg
489,Phione,https://img.pokemondb.net/artwork/phione.jpg
490,Manaphy,https://img.pokemondb.net/artwork/manaphy.jpg
491,Darkrai,https://img.pokemondb.net/artwork/darkrai.jpg
492,Shaymin-Land,https://img.pokemondb.net/artwork/shaymin-land.jpg
493,Arceus,https://img.pokemondb.net/artwork/arceus.jpg
494,Victini,https://img.pokemondb.net/artwork/victini.jpg
495,Snivy,https://img.pokemondb.net/artwork/snivy.jpg
496,Servine,https://img.pokemondb.net/artwork/servine.jpg
497,Serperior,https://img.pokemondb.net/artwork/serperior.jpg
498,Tepig,https://img.pokemondb.net/artwork/tepig.jpg
499,Pignite,https://img.pokemondb.net/artwork/pignite.jpg
500,Emboar,https://img.pokemondb.net/artwork/emboar.jpg
501,Oshawott,https://img.pokemondb.net/artwork/oshawott.jpg
502,Dewott,https://img.pokemondb.net/artwork/dewott.jpg
503,Samurott,https://img.pokemondb.net/artwork/samurott.jpg
504,Patrat,https://img.pokemondb.net/artwork/patrat.jpg
505,Watchog,https://img.pokemondb.net/artwork/watchog.jpg
506,Lillipup,https://img.pokemondb.net/artwork/lillipup.jpg
507,Herdier,https://img.pokemondb.net/artwork/herdier.jpg
508,Stoutland,https://img.pokemondb.net/artwork/stoutland.jpg
509,Purrloin,https://img.pokemondb.net/artwork/purrloin.jpg
510,Liepard,https://img.pokemondb.net/artwork/liepard.jpg
511,Pansage,https://img.pokemondb.net/artwork/pansage.jpg
512,Simisage,https://img.pokemondb.net/artwork/simisage.jpg
513,Pansear,https://img.pokemondb.net/artwork/pansear.jpg
514,Simisear,https://img.pokemondb.net/artwork/simisear.jpg
515,Panpour,https://img.pokemondb.net/artwork/panpour.jpg
516,Simipour,https://img.pokemondb.net/artwork/simipour.jpg
517,Munna,https://img.pokemondb.net/artwork/munna.jpg
518,Musharna,https://img.pokemondb.net/artwork/musharna.jpg
519,Pidove,https://img.pokemondb.net/artwork/pidove.jpg
520,Tranquill,https://img.pokemondb.net/artwork/tranquill.jpg
521,Unfezant,https://img.pokemondb.net/artwork/unfezant.jpg
522,Blitzle,https://img.pokemondb.net/artwork/blitzle.jpg
523,Zebstrika,https://img.pokemondb.net/artwork/zebstrika.jpg
524,Roggenrola,https://img.pokemondb.net/artwork/roggenrola.jpg
525,Boldore,https://img.pokemondb.net/artwork/boldore.jpg
526,Gigalith,https://img.pokemondb.net/artwork/gigalith.jpg
527,Woobat,https://img.pokemondb.net/artwork/woobat.jpg
528,Swoobat,https://img.pokemondb.net/artwork/swoobat.jpg
529,Drilbur,https://img.pokemondb.net/artwork/drilbur.jpg
530,Excadrill,https://img.pokemondb.net/artwork/excadrill.jpg
531,Audino,https://img.pokemondb.net/artwork/audino.jpg
532,Timburr,https://img.pokemondb.net/artwork/timburr.jpg
533,Gurdurr,https://img.pokemondb.net/artwork/gurdurr.jpg
534,Conkeldurr,https://img.pokemondb.net/artwork/conkeldurr.jpg
535,Tympole,https://img.pokemondb.net/artwork/tympole.jpg
536,Palpitoad,https://img.pokemondb.net/artwork/palpitoad.jpg
537,Seismitoad,https://img.pokemondb.net/artwork/seismitoad.jpg
538,Throh,https://img.pokemondb.net/artwork/throh.jpg
539,Sawk,https://img.pokemondb.net/artwork/sawk.jpg
540,Sewaddle,https://img.pokemondb.net/artwork/sewaddle.jpg
541,Swadloon,https://img.pokemondb.net/artwork/swadloon.jpg
542,Leavanny,https://img.pokemondb.net/artwork/leavanny.jpg
543,Venipede,https://img.pokemondb.net/artwork/venipede.jpg
544,Whirlipede,https://img.pokemondb.net/artwork/whirlipede.jpg
545,Scolipede,https://img.pokemondb.net/artwork/scolipede.jpg
546,Cottonee,https://img.pokemondb.net/artwork/cottonee.jpg
547,Whimsicott,https://img.pokemondb.net/artwork/whimsicott.jpg
548,Petilil,https://img.pokemondb.net/artwork/petilil.jpg
549,Lilligant,https://img.pokemondb.net/artwork/lilligant.jpg
550,Basculin-Red-Striped,https://img.pokemondb.net/artwork/basculin-red-striped.jpg
551,Sandile,https://img.pokemondb.net/artwork/sandile.jpg
552,Krokorok,https://img.pokemondb.net/artwork/krokorok.jpg
553,Krookodile,https://img.pokemondb.net/artwork/krookodile.jpg
554,Darumaka,https://img.pokemondb.net/artwork/darumaka.jpg
555,Darmanitan-Standard,https://img.pokemondb.net/artwork/darmanitan-standard.jpg
556,Maractus,https://img.pokemondb.net/artwork/maractus.jpg
557,Dwebble,https://img.pokemondb.net/artwork/dwebble.jpg
558,Crustle,https://img.pokemondb.net/artwork/crustle.jpg
559,Scraggy,https://img.pokemondb.net/artwork/scraggy.jpg
560,Scrafty,https://img.pokemondb.net/artwork/scrafty.jpg
561,Sigilyph,https://img.pokemondb.net/artwork/sigilyph.jpg
562,Yamask,https://img.pokemondb.net/artwork/yamask.jpg
563,Cofagrigus,https://img.pokemondb.net/artwork/cofagrigus.jpg
564,Tirtouga,https://img.pokemondb.net/artwork/tirtouga.jpg
565,Carracosta,https://img.pokemondb.net/artwork/carracosta.jpg
566,Archen,https://img.pokemondb.net/artwork/archen.jpg
567,Archeops,https://img.pokemondb.net/artwork/archeops.jpg
568,Trubbish,https://img.pokemondb.net/artwork/trubbish.jpg
569,Garbodor,https://img.pokemondb.net/artwork/garbodor.jpg
570,Zorua,https://img.pokemondb.net/artwork/zorua.jpg
571,Zoroark,https://img.pokemondb.net/artwork/zoroark.jpg
572,Minccino,https://img.pokemondb.net/artwork/minccino.jpg
573,Cinccino,https://img.pokemondb.net/artwork/cinccino.jpg
574,Gothita,https://img.pokemondb.net/artwork/gothita.jpg
575,Gothorita,https://img.pokemondb.net/artwork/gothorita.jpg
576,Gothitelle,https://img.pokemondb.net/artwork/gothitelle.jpg
577,Solosis,https://img.pokemondb.net/artwork/solosis.jpg
578,Duosion,https://img.pokemondb.net/artwork/duosion.jpg
579,Reuniclus,https://img.pokemondb.net/artwork/reuniclus.jpg
580,Ducklett,https://img.pokemondb.net/artwork/ducklett.jpg
581,Swanna,https://img.pokemondb.net/artwork/swanna.jpg
582,Vanillite,https://img.pokemondb.net/artwork/vanillite.jpg
583,Vanillish,https://img.pokemondb.net/artwork/vanillish.jpg
584,Vanilluxe,https://img.pokemondb.net/artwork/vanilluxe.jpg
585,Deerling,https://img.pokemondb.net/artwork/deerling.jpg
586,Sawsbuck,https://img.pokemondb.net/artwork/sawsbuck.jpg
587,Emolga,https://img.pokemondb.net/artwork/emolga.jpg
588,Karrablast,https://img.pokemondb.net/artwork/karrablast.jpg
589,Escavalier,https://img.pokemondb.net/artwork/escavalier.jpg
590,Foongus,https://img.pokemondb.net/artwork/foongus.jpg
591,Amoonguss,https://img.pokemondb.net/artwork/amoonguss.jpg
592,Frillish,https://img.pokemondb.net/artwork/frillish.jpg
593,Jellicent,https://img.pokemondb.net/artwork/jellicent.jpg
594,Alomomola,https://img.pokemondb.net/artwork/alomomola.jpg
595,Joltik,https://img.pokemondb.net/artwork/joltik.jpg
596,Galvantula,https://img.pokemondb.net/artwork/galvantula.jpg
597,Ferroseed,https://img.pokemondb.net/artwork/ferroseed.jpg
598,Ferrothorn,https://img.pokemondb.net/artwork/ferrothorn.jpg
599,Klink,https://img.pokemondb.net/artwork/klink.jpg
600,Klang,https://img.pokemondb.net/artwork/klang.jpg
601,Klinklang,https://img.pokemondb.net/artwork/klinklang.jpg
602,Tynamo,https://img.pokemondb.net/artwork/tynamo.jpg
603,Eelektrik,https://img.pokemondb.net/artwork/eelektrik.jpg
604,Eelektross,https://img.pokemondb.net/artwork/eelektross.jpg
605,Elgyem,https://img.pokemondb.net/artwork/elgyem.jpg
606,Beheeyem,https://img.pokemondb.net/artwork/beheeyem.jpg
607,Litwick,https://img.pokemondb.net/artwork/litwick.jpg
608,Lampent,https://img.pokemondb.net/artwork/lampent.jpg
609,Chandelure,https://img.pokemondb.net/artwork/chandelure.jpg
610,Axew,https://img.pokemondb.net/artwork/axew.jpg
611,Fraxure,https://img.pokemondb.net/artwork/fraxure.jpg
612,Haxorus,https://img.pokemondb.net/artwork/haxorus.jpg
613,Cubchoo,https://img.pokemondb.net/artwork/cubchoo.jpg
614,Beartic,https://img.pokemondb.net/artwork/beartic.jpg
615,Cryogonal,https://img.pokemondb.net/artwork/cryogonal.jpg
616,Shelmet,https://img.pokemondb.net/artwork/shelmet.jpg
617,Accelgor,https://img.pokemondb.net/artwork/accelgor.jpg
618,Stunfisk,https://img.pokemondb.net/artwork/stunfisk.jpg
619,Mienfoo,https://img.pokemondb.net/artwork/mienfoo.jpg
620,Mienshao,https://img.pokemondb.net/artwork/mienshao.jpg
621,Druddigon,https://img.pokemondb.net/artwork/druddigon.jpg
622,Golett,https://img.pokemondb.net/artwork/golett.jpg
623,Golurk,https://img.pokemondb.net/artwork/golurk.jpg
624,Pawniard,https://img.pokemondb.net/artwork/pawniard.jpg
625,Bisharp,https://img.pokemondb.net/artwork/bisharp.jpg
626,Bouffalant,https://img.pokemondb.net/artwork/bouffalant.jpg
627,Rufflet,https://img.pokemondb.net/artwork/rufflet.jpg
628,Braviary,https://img.pokemondb.net/artwork/braviary.jpg
629,Vullaby,https://img.pokemondb.net/artwork/vullaby.jpg
630,Mandibuzz,https://img.pokemondb.net/artwork/mandibuzz.jpg
631,Heatmor,https://img.pokemondb.net/artwork/heatmor.jpg
632,Durant,https://img.pokemondb.net/artwork/durant.jpg
633,Deino,https://img.pokemondb.net/artwork/deino.jpg
634,Zweilous,https://img.pokemondb.net/artwork/zweilous.jpg
635,Hydreigon,https://img.pokemondb.net/artwork/hydreigon.jpg
636,Larvesta,https://img.pokemondb.net/artwork/larvesta.jpg
637,Volcarona,https://img.pokemondb.net/artwork/volcarona.jpg
638,Cobalion,https://img.pokemondb.net/artwork/cobalion.jpg
639,Terrakion,https://img.pokemondb.net/artwork/terrakion.jpg
640,Virizion,https://img.pokemondb.net/artwork/virizion.jpg
641,Tornadus-Incarnate,https://img.pokemondb.net/artwork/tornadus-incarnate.jpg
642,Thundurus-Incarnate,https://img.pokemondb.net/artwork/thundurus-incarnate.jpg
643,Reshiram,https://img.pokemondb.net/artwork/reshiram.jpg
644,Zekrom,https://img.pokemondb.net/artwork/zekrom.jpg
645,Landorus-Incarnate,https://img.pokemondb.net/artwork/landorus-incarnate.jpg
646,Kyurem,https://img.pokemondb.net/artwork/kyurem.jpg
647,Keldeo-Ordinary,https://img.pokemondb.net/artwork/keldeo-ordinary.jpg
648,Meloetta-Aria,https://img.pokemondb.net/artwork/meloetta-aria.jpg
649,Genesect,https://img.pokemondb.net/artwork/genesect.jpg
650,Chespin,https://img.pokemondb.net/artwork/chespin.jpg
651,Quilladin,https://img.pokemondb.net/artwork/quilladin.jpg
652,Chesnaught,https://img.pokemondb.net/artwork/chesnaught.jpg
653,Fennekin,https://img.pokemondb.net/artwork/fennekin.jpg
654,Braixen,https://img.pokemondb.net/artwork/braixen.jpg
655,Delphox,https://img.pokemondb.net/artwork/delphox.jpg
656,Froakie,https://img.pokemondb.net/artwork/froakie.jpg
657,Frogadier,https://img.pokemondb.net/artwork/frogadier.jpg
658,Greninja,https://img.pokemondb.net/artwork/greninja.jpg
659,Bunnelby,https://img.pokemondb.net/artwork/bunnelby.jpg
660,Diggersby,https://img.pokemondb.net/artwork/diggersby.jpg
661,Fletchling,https://img.pokemondb.net/artwork/fletchling.jpg
662,Fletchinder,https://img.pokemondb.net/artwork/fletchinder.jpg
663,Talonflame,https://img.pokemondb.net/artwork/talonflame.jpg
664,Scatterbug,https://img.pokemondb.net/artwork/scatterbug.jpg
665,Spewpa,https://img.pokemondb.net/artwork/spewpa.jpg
666,Vivillon,https://img.pokemondb.net/artwork/vivillon.jpg
667,Litleo,https://img.pokemondb.net/artwork/litleo.jpg
668,Pyroar,https://img.pokemondb.net/artwork/pyroar.jpg
669,Flabebe,https://img.pokemondb.net/artwork/flabebe.jpg
670,Floette,https://img.pokemondb.net/artwork/floette.jpg
671,Florges,https://img.pokemondb.net/artwork/florges.jpg
672,Skiddo,https://img.pokemondb.net/artwork/skiddo.jpg
673,Gogoat,https://img.pokemondb.net/artwork/gogoat.jpg
674,Pancham,https://img.pokemondb.net/artwork/pancham.jpg
675,Pangoro,https://img.pokemondb.net/artwork/pangoro.jpg
676,Furfrou,https://img.pokemondb.net/artwork/furfrou.jpg
677,Espurr,https://img.pokemondb.net/artwork/espurr.jpg
678,Meowstic-Male,https://img.pokemondb.net/artwork/meowstic-male.jpg
679,Honedge,https://img.pokemondb.net/artwork/honedge.jpg
680,Doublade,https://img.pokemondb.net/artwork/doublade.jpg
681,Aegislash-Shield,https://img.pokemondb.net/artwork/aegislash-shield.jpg
682,Spritzee,https://img.pokemondb.net/artwork/spritzee.jpg
683,Aromatisse,https://img.pokemondb.net/artwork/aromatisse.jpg
684,Swirlix,https://img.pokemondb.net/artwork/swirlix.jpg
685,Slurpuff,https://img.pokemondb.net/artwork/slurpuff.jpg
686,Inkay,https://img.pokemondb.net/artwork/inkay.jpg
687,Malamar,https://img.pokemondb.net/artwork/malamar.jpg
688,Binacle,https://img.pokemondb.net/artwork/binacle.jpg
689,Barbaracle,https://img.pokemondb.net/artwork/barbaracle.jpg
690,Skrelp,https://img.pokemondb.net/artwork/skrelp.jpg
691,Dragalge,https://img.pokemondb.net/artwork/dragalge.jpg
692,Clauncher,https://img.pokemondb.net/artwork/clauncher.jpg
693,Clawitzer,https://img.pokemondb.net/artwork/clawitzer.jpg
694,Helioptile,https://img.pokemondb.net/artwork/helioptile.jpg
695,Heliolisk,https://img.pokemondb.net/artwork/heliolisk.jpg
696,Tyrunt,https://img.pokemondb.net/artwork/tyrunt.jpg
697,Tyrantrum,https://img.pokemondb.net/artwork/tyrantrum.jpg
698,Amaura,https://img.pokemondb.net/artwork/amaura.jpg
699,Aurorus,https://img.pokemondb.net/artwork/aurorus.jpg
700,Sylveon,https://img.pokemondb.net/artwork/sylveon.jpg
701,Hawlucha,https://img.pokemondb.net/artwork/hawlucha.jpg
702,Dedenne,https://img.pokemondb.net/artwork/dedenne.jpg
703,Carbink,https://img.pokemondb.net/artwork/carbink.jpg
704,Goomy,https://img.pokemondb.net/artwork/goomy.jpg
705,Sliggoo,https://img.pokemondb.net/artwork/sliggoo.jpg
706,Goodra,https://img.pokemondb.net/artwork/goodra.jpg
707,Klefki,https://img.pokemondb.net/artwork/klefki.jpg
708,Phantump,https://img.pokemondb.net/artwork/phantump.jpg
709,Trevenant,https://img.pokemondb.net/artwork/trevenant.jpg
710,Pumpkaboo-Average,https://img.pokemondb.net/artwork/pumpkaboo-average.jpg
711,Gourgeist-Average,https://img.pokemondb.net/artwork/gourgeist-average.jpg
712,Bergmite,https://img.pokemondb.net/artwork/bergmite.jpg
713,Avalugg,https://img.pokemondb.net/artwork/avalugg.jpg
714,Noibat,https://img.pokemondb.net/artwork/noibat.jpg
715,Noivern,https://img.pokemondb.net/artwork/noivern.jpg
716,Xerneas,https://img.pokemondb.net/artwork/xerneas.jpg
717,Yveltal,https://img.pokemondb.net/artwork/yveltal.jpg
718,Zygarde-50,https://img.pokemondb.net/artwork/zygarde-50.jpg
719,Diancie,https://img.pokemondb.net/artwork/diancie.jpg
720,Hoopa,https://img.pokemondb.net/artwork/hoopa.jpg
721,Volcanion,https://img.pokemondb.net/artwork/volcanion.jpg
722,Rowlet,https://img.pokemondb.net/artwork/rowlet.jpg
723,Dartrix,https://img.pokemondb.net/artwork/dartrix.jpg
724,Decidueye,https://img.pokemondb.net/artwork/decidueye.jpg
725,Litten,https://img.pokemondb.net/artwork/litten.jpg
726,Torracat,https://img.pokemondb.net/artwork/torracat.jpg
727,Incineroar,https://img.pokemondb.net/artwork/incineroar.jpg
728,Popplio,https://img.pokemondb.net/artwork/popplio.jpg
729,Brionne,https://img.pokemondb.net/artwork/brionne.jpg
730,Primarina,https://img.pokemondb.net/artwork/primarina.jpg
731,Pikipek,https://img.pokemondb.net/artwork/pikipek.jpg
732,Trumbeak,https://img.pokemondb.net/artwork/trumbeak.jpg
733,Toucannon,https://img.pokemondb.net/artwork/toucannon.jpg
734,Yungoos,https://img.pokemondb.net/artwork/yungoos.jpg
735,Gumshoos,https://img.pokemondb.net/artwork/gumshoos.jpg
736,Grubbin,https://img.pokemondb.net/artwork/grubbin.jpg
737,Charjabug,https://img.pokemondb.net/artwork/charjabug.jpg
738,Vikavolt,https://img.pokemondb.net/artwork/vikavolt.jpg
739,Crabrawler,https://img.pokemondb.net/artwork/crabrawler.jpg
740,Crabominable,https://img.pokemondb.net/artwork/crabominable.jpg
741,Oricorio-Baile,https://img.pokemondb.net/artwork/oricorio-baile.jpg
742,Cutiefly,https://img.pokemondb.net/artwork/cutiefly.jpg
743,Ribombee,https://img.pokemondb.net/artwork/ribombee.jpg
744,Rockruff,https://img.pokemondb.net/artwork/rockruff.jpg
745,Lycanroc-Midday,https://img.pokemondb.net/artwork/lycanroc-midday.jpg
746,Wishiwashi-Solo,https://img.pokemondb.net/artwork/wishiwashi-solo.jpg
747,Mareanie,https://img.pokemondb.net/artwork/mareanie.jpg
748,Toxapex,https://img.pokemondb.net/artwork/toxapex.jpg
749,Mudbray,https://img.pokemondb.net/artwork/mudbray.jpg
750,Mudsdale,https://img.pokemondb.net/artwork/mudsdale.jpg
751,Dewpider,https://img.pokemondb.net/artwork/dewpider.jpg
752,Araquanid,https://img.pokemondb.net/artwork/araquanid.jpg
753,Fomantis,https://img.pokemondb.net/artwork/fomantis.jpg
754,Lurantis,https://img.pokemondb.net/artwork/lurantis.jpg
755,Morelull,https://img.pokemondb.net/artwork/morelull.jpg
756,Shiinotic,https://img.pokemondb.net/artwork/shiinotic.jpg
757,Salandit,https://img.pokemondb.net/artwork/salandit.jpg
758,Salazzle,https://img.pokemondb.net/artwork/salazzle.jpg
759,Stufful,https://img.pokemondb.net/artwork/stufful.jpg
760,Bewear,https://img.pokemondb.net/artwork/bewear.jpg
761,Bounsweet,https://img.pokemondb.net/artwork/bounsweet.jpg
762,Steenee,https://img.pokemondb.net/artwork/steenee.jpg
763,Tsareena,https://img.pokemondb.net/artwork/tsareena.jpg
764,Comfey,https://img.pokemondb.net/artwork/comfey.jpg
765,Oranguru,https://img.pokemondb.net/artwork/oranguru.jpg
766,Passimian,https://img.pokemondb.net/artwork/passimian.jpg
767,Wimpod,https://img.pokemondb.net/artwork/wimpod.jpg
768,Golisopod,https://img.pokemondb.net/artwork/golisopod.jpg
769,Sandygast,https://img.pokemondb.net/artwork/sandygast.jpg
770,Palossand,https://img.pokemondb.net/artwork/palossand.jpg
771,Pyukumuku,https://img.pokemondb.net/artwork/pyukumuku.jpg
772,Type-Null,https://img.pokemondb.net/artwork/type-null.jpg
773,Silvally,https://img.pokemondb.net/artwork/silvally.jpg
774,Minior-Red-Meteor,https://img.pokemondb.net/artwork/minior-red-meteor.jpg
775,Komala,https://img.pokemondb.net/artwork/komala.jpg
776,Turtonator,https://img.pokemondb.net/artwork/turtonator.jpg
777,Togedemaru,https://img.pokemondb.net/artwork/togedemaru.jpg
778,Mimikyu-Disguised,https://img.pokemondb.net/artwork/mimikyu-disguised.jpg
779,Bruxish,https://img.pokemondb.net/artwork/bruxish.jpg
780,Drampa,https://img.pokemondb.net/artwork/drampa.jpg
781,Dhelmise,https://img.pokemondb.net/artwork/dhelmise.jpg
782,Jangmo-O,https://img.pokemondb.net/artwork/jangmo-o.jpg
783,Hakamo-O,https://img.pokemondb.net/artwork/hakamo-o.jpg
784,Kommo-O,https://img.pokemondb.net/artwork/kommo-o.jpg
785,Tapu-Koko,https://img.pokemondb.net/artwork/tapu-koko.jpg
786,Tapu-Lele,https://img.pokemondb.net/artwork/tapu-lele.jpg
787,Tapu-Bulu,https://img.pokemondb.net/artwork/tapu-bulu.jpg
788,Tapu-Fini,https://img.pokemondb.net/artwork/tapu-fini.jpg
789,Cosmog,https://img.pokemondb.net/artwork/cosmog.jpg
790,Cosmoem,https://img.pokemondb.net/artwork/cosmoem.jpg
791,Solgaleo,https://img.pokemondb.net/artwork/solgaleo.jpg
792,Lunala,https://img.pokemondb.net/artwork/lunala.jpg
793,Nihilego,https://img.pokemondb.net/artwork/nihilego.jpg
794,Buzzwole,https://img.pokemondb.net/artwork/buzzwole.jpg
795,Pheromosa,https://img.pokemondb.net/artwork/pheromosa.jpg
796,Xurkitree,https://img.pokemondb.net/artwork/xurkitree.jpg
797,Celesteela,https://img.pokemondb.net/artwork/celesteela.jpg
798,Kartana,https://img.pokemondb.net/artwork/kartana.jpg
799,Guzzlord,https://img.pokemondb.net/artwork/guzzlord.jpg
800,Necrozma,https://img.pokemondb.net/artwork/necrozma.jpg
801,Magearna,https://img.pokemondb.net/artwork/magearna.jpg
802,Marshadow,https://img.pokemondb.net/artwork/marshadow.jpg
803,Poipole,https://img.pokemondb.net/artwork/poipole.jpg
804,Naganadel,https://img.pokemondb.net/artwork/naganadel.jpg
805,Stakataka,https://img.pokemondb.net/artwork/stakataka.jpg
806,Blacephalon,https://img.pokemondb.net/artwork/blacephalon.jpg
807,Zeraora,https://img.pokemondb.net/artwork/zeraora.jpg
808,Meltan,https://img.pokemondb.net/artwork/meltan.jpg
809,Melmetal,https://img.pokemondb.net/artwork/melmetal.jpg
810,Grookey,https://img.pokemondb.net/artwork/grookey.jpg
811,Thwackey,https://img.pokemondb.net/artwork/thwackey.jpg
812,Rillaboom,https://img.pokemondb.net/artwork/rillaboom.jpg
813,Scorbunny,https://img.pokemondb.net/artwork/scorbunny.jpg
814,Raboot,https://img.pokemondb.net/artwork/raboot.jpg
815,Cinderace,https://img.pokemondb.net/artwork/cinderace.jpg
816,Sobble,https://img.pokemondb.net/artwork/sobble.jpg
817,Drizzile,https://img.pokemondb.net/artwork/drizzile.jpg
818,Inteleon,https://img.pokemondb.net/artwork/inteleon.jpg
819,Skwovet,https://img.pokemondb.net/artwork/skwovet.jpg
820,Greedent,https://img.pokemondb.net/artwork/greedent.jpg
821,Rookidee,https://img.pokemondb.net/artwork/rookidee.jpg
822,Corvisquire,https://img.pokemondb.net/artwork/corvisquire.jpg
823,Corviknight,https://img.pokemondb.net/artwork/corviknight.jpg
824,Blipbug,https://img.pokemondb.net/artwork/blipbug.jpg
825,Dottler,https://img.pokemondb.net/artwork/dottler.jpg
826,Orbeetle,https://img.pokemondb.net/artwork/orbeetle.jpg
827,Nickit,https://img.pokemondb.net/artwork/nickit.jpg
828,Thievul,https://img.pokemondb.net/artwork/thievul.jpg
829,Gossifleur,https://img.pokemondb.net/artwork/gossifleur.jpg
830,Eldegoss,https://img.pokemondb.net/artwork/eldegoss.jpg
831,Wooloo,https://img.pokemondb.net/artwork/wooloo.jpg
832,Dubwool,https://img.pokemondb.net/artwork/dubwool.jpg
833,Chewtle,https://img.pokemondb.net/artwork/chewtle.jpg
834,Drednaw,https://img.pokemondb.net/artwork/drednaw.jpg
835,Yamper,https://img.pokemondb.net/artwork/yamper.jpg
836,Boltund,https://img.pokemondb.net/artwork/boltund.jpg
837,Rolycoly,https://img.pokemondb.net/artwork/rolycoly.jpg
838,Carkol,https://img.pokemondb.net/artwork/carkol.jpg
839,Coalossal,https://img.pokemondb.net/artwork/coalossal.jpg
840,Applin,https://img.pokemondb.net/artwork/applin.jpg
841,Flapple,https://img.pokemondb.net/artwork/flapple.jpg
842,Appletun,https://img.pokemondb.net/artwork/appletun.jpg
843,Silicobra,https://img.pokemondb.net/artwork/silicobra.jpg
844,Sandaconda,https://img.pokemondb.net/artwork/sandaconda.jpg
845,Cramorant,https://img.pokemondb.net/artwork/cramorant.jpg
846,Arrokuda,https://img.pokemondb.net/artwork/arrokuda.jpg
847,Barraskewda,https://img.pokemondb.net/artwork/barraskewda.jpg
848,Toxel,https://img.pokemondb.net/artwork/toxel.jpg
849,Toxtricity-Amped,https://img.pokemondb.net/artwork/toxtricity-amped.jpg
850,Sizzlipede,https://img.pokemondb.net/artwork/sizzlipede.jpg
851,Centiskorch,https://img.pokemondb.net/artwork/centiskorch.jpg
852,Clobbopus,https://img.pokemondb.net/artwork/clobbopus.jpg
853,Grapploct,https://img.pokemondb.net/artwork/grapploct.jpg
854,Sinistea,https://img.pokemondb.net/artwork/sinistea.jpg
855,Polteageist,https://img.pokemondb.net/artwork/polteageist.jpg
856,Hatenna,https://img.pokemondb.net/artwork/hatenna.jpg
857,Hattrem,https://img.pokemondb.net/artwork/hattrem.jpg
858,Hatterene,https://img.pokemondb.net/artwork/hatterene.jpg
859,Impidimp,https://img.pokemondb.net/artwork/impidimp.jpg
860,Morgrem,https://img.pokemondb.net/artwork/morgrem.jpg
861,Grimmsnarl,https://img.pokemondb.net/artwork/grimmsnarl.jpg
862,Obstagoon,https://img.pokemondb.net/artwork/obstagoon.jpg
863,Perrserker,https://img.pokemondb.net/artwork/perrserker.jpg
864,Cursola,https://img.pokemondb.net/artwork/cursola.jpg
865,Sirfetchd,https://img.pokemondb.net/artwork/sirfetchd.jpg
866,Mr-Rime,https://img.pokemondb.net/artwork/mr-rime.jpg
867,Runerigus,https://img.pokemondb.net/artwork/runerigus.jpg
868,Milcery,https://img.pokemondb.net/artwork/milcery.jpg
869,Alcremie,https://img.pokemondb.net/artwork/alcremie.jpg
870,Falinks,https://img.pokemondb.net/artwork/falinks.jpg
871,Pincurchin,https://img.pokemondb.net/artwork/pincurchin.jpg
872,Snom,https://img.pokemondb.net/artwork/snom.jpg
873,Frosmoth,https://img.pokemondb.net/artwork/frosmoth.jpg
874,Stonjourner,https://img.pokemondb.net/artwork/stonjourner.jpg
875,Eiscue-Ice,https://img.pokemondb.net/artwork/eiscue-ice.jpg
876,Indeedee-Male,https://img.pokemondb.net/artwork/indeedee-male.jpg
877,Morpeko-Full-Belly,https://img.pokemondb.net/artwork/morpeko-full-belly.jpg
878,Cufant,https://img.pokemondb.net/artwork/cufant.jpg
879,Copperajah,https://img.pokemondb.net/artwork/copperajah.jpg
880,Dracozolt,https://img.pokemondb.net/artwork/dracozolt.jpg
881,Arctozolt,https://img.pokemondb.net/artwork/arctozolt.jpg
882,Dracovish,https://img.pokemondb.net/artwork/dracovish.jpg
883,Arctovish,https://img.pokemondb.net/artwork/arctovish.jpg
884,Duraludon,https://img.pokemondb.net/artwork/duraludon.jpg
885,Dreepy,https://img.pokemondb.net/artwork/dreepy.jpg
886,Drakloak,https://img.pokemondb.net/artwork/drakloak.jpg
887,Dragapult,https://img.pokemondb.net/artwork/dragapult.jpg
888,Zacian,https://img.pokemondb.net/artwork/zacian.jpg
889,Zamazenta,https://img.pokemondb.net/artwork/zamazenta.jpg
890,Eternatus,https://img.pokemondb.net/artwork/eternatus.jpg
891,Kubfu,https://img.pokemondb.net/artwork/kubfu.jpg
892,Urshifu-Single-Strike,https://img.pokemondb.net/artwork/urshifu-single-strike.jpg
893,Zarude,https://img.pokemondb.net/artwork/zarude.jpg
894,Regieleki,https://img.pokemondb.net/artwork/regieleki.jpg
895,Regidrago,https://img.pokemondb.net/artwork/regidrago.jpg
896,Glastrier,https://img.pokemondb.net/artwork/glastrier.jpg
897,Spectrier,https://img.pokemondb.net/artwork/spectrier.jpg
898,Calyrex,https://img.pokemondb.net/artwork/calyrex.jpg
899,Wyrdeer,https://img.pokemondb.net/artwork/wyrdeer.jpg
900,Kleavor,https://img.pokemondb.net/artwork/kleavor.jpg
901,Ursaluna,https://img.pokemondb.net/artwork/ursaluna.jpg
902,Basculegion-Male,https://img.pokemondb.net/artwork/basculegion-male.jpg
903,Sneasler,https://img.pokemondb.net/artwork/sneasler.jpg
904,Overqwil,https://img.pokemondb.net/artwork/overqwil.jpg
905,Enamorus-Incarnate,https://img.pokemondb.net/artwork/enamorus-incarnate.jpg
906,Sprigatito,https://img.pokemondb.net/artwork/sprigatito.jpg
907,Floragato,https://img.pokemondb.net/artwork/floragato.jpg
908,Meowscarada,https://img.pokemondb.net/artwork/meowscarada.jpg
909,Fuecoco,https://img.pokemondb.net/artwork/fuecoco.jpg
910,Crocalor,https://img.pokemondb.net/artwork/crocalor.jpg
911,Skeledirge,https://img.pokemondb.net/artwork/skeledirge.jpg
912,Quaxly,https://img.pokemondb.net/artwork/quaxly.jpg
913,Quaxwell,https://img.pokemondb.net/artwork/quaxwell.jpg
914,Quaquaval,https://img.pokemondb.net/artwork/quaquaval.jpg
915,Lechonk,https://img.pokemondb.net/artwork/lechonk.jpg
916,Oinkologne-Male,https://img.pokemondb.net/artwork/oinkologne-male.jpg
917,Tarountula,https://img.pokemondb.net/artwork/tarountula.jpg
918,Spidops,https://img.pokemondb.net/artwork/spidops.jpg
919,Nymble,https://img.pokemondb.net/artwork/nymble.jpg
920,Lokix,https://img.pokemondb.net/artwork/lokix.jpg
921,Pawmi,https://img.pokemondb.net/artwork/pawmi.jpg
922,Pawmo,https://img.pokemondb.net/artwork/pawmo.jpg
923,Pawmot,https://img.pokemondb.net/artwork/pawmot.jpg
924,Tandemaus,https://img.pokemondb.net/artwork/tandemaus.jpg
925,Maushold-Family-Of-Four,https://img.pokemondb.net/artwork/maushold-family-of-four.jpg
926,Fidough,https://img.pokemondb.net/artwork/fidough.jpg
927,Dachsbun,https://img.pokemondb.net/artwork/dachsbun.jpg
928,Smoliv,https://img.pokemondb.net/artwork/smoliv.jpg
929,Dolliv,https://img.pokemondb.net/artwork/dolliv.jpg
930,Arboliva,https://img.pokemondb.net/artwork/arboliva.jpg
931,Squawkabilly-Green-Plumage,https://img.pokemondb.net/artwork/squawkabilly-green-plumage.jpg
932,Nacli,https://img.pokemondb.net/artwork/nacli.jpg
933,Naclstack,https://img.pokemondb.net/artwork/naclstack.jpg
934,Garganacl,https://img.pokemondb.net/artwork/garganacl.jpg
935,Charcadet,https://img.pokemondb.net/artwork/charcadet.jpg
936,Armarouge,https://img.pokemondb.net/artwork/armarouge.jpg
937,Ceruledge,https://img.pokemondb.net/artwork/ceruledge.jpg
938,Tadbulb,https://img.pokemondb.net/artwork/tadbulb.jpg
939,Bellibolt,https://img.pokemondb.net/artwork/bellibolt.jpg
940,Wattrel,https://img.pokemondb.net/artwork/wattrel.jpg
941,Kilowattrel,https://img.pokemondb.net/artwork/kilowattrel.jpg
942,Maschiff,https://img.pokemondb.net/artwork/maschiff.jpg
943,Mabosstiff,https://img.pokemondb.net/artwork/mabosstiff.jpg
944,Shroodle,https://img.pokemondb.net/artwork/shroodle.jpg
945,Grafaiai,https://img.pokemondb.net/artwork/grafaiai.jpg
946,Bramblin,https://img.pokemondb.net/artwork/bramblin.jpg
947,Brambleghast,https://img.pokemondb.net/artwork/brambleghast.jpg
948,Toedscool,https://img.pokemondb.net/artwork/toedscool.jpg
949,Toedscruel,https://img.pokemondb.net/artwork/toedscruel.jpg
950,Klawf,https://img.pokemondb.net/artwork/klawf.jpg
951,Capsakid,https://img.pokemondb.net/artwork/capsakid.jpg
952,Scovillain,https://img.pokemondb.net/artwork/scovillain.jpg
953,Rellor,https://img.pokemondb.net/artwork/rellor.jpg
954,Rabsca,https://img.pokemondb.net/artwork/rabsca.jpg
955,Flittle,https://img.pokemondb.net/artwork/flittle.jpg
956,Espathra,https://img.pokemondb.net/artwork/espathra.jpg
957,Tinkatink,https://img.pokemondb.net/artwork/tinkatink.jpg
958,Tinkatuff,https://img.pokemondb.net/artwork/tinkatuff.jpg
959,Tinkaton,https://img.pokemondb.net/artwork/tinkaton.jpg
960,Wiglett,https://img.pokemondb.net/artwork/wiglett.jpg
961,Wugtrio,https://img.pokemondb.net/artwork/wugtrio.jpg
962,Bombirdier,https://img.pokemondb.net/artwork/bombirdier.jpg
963,Finizen,https://img.pokemondb.net/artwork/finizen.jpg
964,Palafin-Zero,https://img.pokemondb.net/artwork/palafin-zero.jpg
965,Varoom,https://img.pokemondb.net/artwork/varoom.jpg
966,Revavroom,https://img.pokemondb.net/artwork/revavroom.jpg
967,Cyclizar,https://img.pokemondb.net/artwork/cyclizar.jpg
968,Orthworm,https://img.pokemondb.net/artwork/orthworm.jpg
969,Glimmet,https://img.pokemondb.net/artwork/glimmet.jpg
970,Glimmora,https://img.pokemondb.net/artwork/glimmora.jpg
971,Greavard,https://img.pokemondb.net/artwork/greavard.jpg
972,Houndstone,https://img.pokemondb.net/artwork/houndstone.jpg
973,Flamigo,https://img.pokemondb.net/artwork/flamigo.jpg
974,Cetoddle,https://img.pokemondb.net/artwork/cetoddle.jpg
975,Cetitan,https://img.pokemondb.net/artwork/cetitan.jpg
976,Veluza,https://img.pokemondb.net/artwork/veluza.jpg
977,Dondozo,https://img.pokemondb.net/artwork/dondozo.jpg
978,Tatsugiri-Curly,https://img.pokemondb.net/artwork/tatsugiri-curly.jpg
979,Annihilape,https://img.pokemondb.net/artwork/annihilape.jpg
980,Clodsire,https://img.pokemondb.net/artwork/clodsire.jpg
981,Farigiraf,https://img.pokemondb.net/artwork/farigiraf.jpg
982,Dudunsparce-Two-Segment,https://img.pokemondb.net/artwork/dudunsparce-two-segment.jpg
983,Kingambit,https://img.pokemondb.net/artwork/kingambit.jpg
984,Great-Tusk,https://img.pokemondb.net/artwork/great-tusk.jpg
985,Scream-Tail,https://img.pokemondb.net/artwork/scream-tail.jpg
986,Brute-Bonnet,https://img.pokemondb.net/artwork/brute-bonnet.jpg
987,Flutter-Mane,https://img.pokemondb.net/artwork/flutter-mane.jpg
988,Slither-Wing,https://img.pokemondb.net/artwork/slither-wing.jpg
989,Sandy-Shocks,https://img.pokemondb.net/artwork/sandy-shocks.jpg
990,Iron-Treads,https://img.pokemondb.net/artwork/iron-treads.jpg
991,Iron-Bundle,https://img.pokemondb.net/artwork/iron-bundle.jpg
992,Iron-Hands,https://img.pokemondb.net/artwork/iron-hands.jpg
993,Iron-Jugulis,https://img.pokemondb.net/artwork/iron-jugulis.jpg
994,Iron-Moth,https://img.pokemondb.net/artwork/iron-moth.jpg
995,Iron-Thorns,https://img.pokemondb.net/artwork/iron-thorns.jpg
996,Frigibax,https://img.pokemondb.net/artwork/frigibax.jpg
997,Arctibax,https://img.pokemondb.net/artwork/arctibax.jpg
998,Baxcalibur,https://img.pokemondb.net/artwork/baxcalibur.jpg
999,Gimmighoul,https://img.pokemondb.net/artwork/gimmighoul.jpg
1000,Gholdengo,https://img.pokemondb.net/artwork/gholdengo.jpg
1001,Wo-Chien,https://img.pokemondb.net/artwork/wo-chien.jpg
1002,Chien-Pao,https://img.pokemondb.net/artwork/chien-pao.jpg
1003,Ting-Lu,https://img.pokemondb.net/artwork/ting-lu.jpg
1004,Chi-Yu,https://img.pokemondb.net/artwork/chi-yu.jpg
1005,Roaring-Moon,https://img.pokemondb.net/artwork/roaring-moon.jpg
1006,Iron-Valiant,https://img.pokemondb.net/artwork/iron-valiant.jpg
1007,Koraidon,https://img.pokemondb.net/artwork/koraidon.jpg
1008,Miraidon,https://img.pokemondb.net/artwork/miraidon.jpg
1009,Walking-Wake,https://img.pokemondb.net/artwork/walking-wake.jpg
1010,Iron-Leaves,https://img.pokemondb.net/artwork/iron-leaves.jpg
1011,Dipplin,https://img.pokemondb.net/artwork/dipplin.jpg
1012,Poltchageist,https://img.pokemondb.net/artwork/poltchageist.jpg
1013,Sinistcha,https://img.pokemondb.net/artwork/sinistcha.jpg
1014,Okidogi,https://img.pokemondb.net/artwork/okidogi.jpg
1015,Munkidori,https://img.pokemondb.net/artwork/munkidori.jpg
1016,Fezandipiti,https://img.pokemondb.net/artwork/fezandipiti.jpg
1017,Ogerpon,https://img.pokemondb.net/artwork/ogerpon.jpg
1018,Archaludon,https://img.pokemondb.net/artwork/archaludon.jpg
1019,Hydrapple,https://img.pokemondb.net/artwork/hydrapple.jpg
1020,Gouging-Fire,https://img.pokemondb.net/artwork/gouging-fire.jpg
1021,Raging-Bolt,https://img.pokemondb.net/artwork/raging-bolt.jpg
1022,Iron-Boulder,https://img.pokemondb.net/artwork/iron-boulder.jpg
1023,Iron-Crown,https://img.pokemondb.net/artwork/iron-crown.jpg
1024,Terapagos,https://img.pokemondb.net/artwork/terapagos.jpg
1025,Pecharunt,https://img.pokemondb.net/artwork/pecharunt.jpg
1026,Deoxys-Attack,https://img.pokemondb.net/artwork/deoxys-attack.jpg
1027,Deoxys-Defense,https://img.pokemondb.net/artwork/deoxys-defense.jpg
1028,Deoxys-Speed,https://img.pokemondb.net/artwork/deoxys-speed.jpg
1029,Wormadam-Sandy,https://img.pokemondb.net/artwork/wormadam-sandy.jpg
1030,Wormadam-Trash,https://img.pokemondb.net/artwork/wormadam-trash.jpg
1031,Shaymin-Sky,https://img.pokemondb.net/artwork/shaymin-sky.jpg
1032,Giratina-Origin,https://img.pokemondb.net/artwork/giratina-origin.jpg
1033,Rotom-Heat,https://img.pokemondb.net/artwork/rotom-heat.jpg
1034,Rotom-Wash,https://img.pokemondb.net/artwork/rotom-wash.jpg
1035,Rotom-Frost,https://img.pokemondb.net/artwork/rotom-frost.jpg
1036,Rotom-Fan,https://img.pokemondb.net/artwork/rotom-fan.jpg
1037,Rotom-Mow,https://img.pokemondb.net/artwork/rotom-mow.jpg
1038,Castform-Sunny,https://img.pokemondb.net/artwork/castform-sunny.jpg
1039,Castform-Rainy,https://img.pokemondb.net/artwork/castform-rainy.jpg
1040,Castform-Snowy,https://img.pokemondb.net/artwork/castform-snowy.jpg
1041,Basculin-Blue-Striped,https://img.pokemondb.net/artwork/basculin-blue-striped.jpg
1042,Darmanitan-Zen,https://img.pokemondb.net/artwork/darmanitan-zen.jpg
1043,Meloetta-Pirouette,https://img.pokemondb.net/artwork/meloetta-pirouette.jpg
1044,Tornadus-Therian,https://img.pokemondb.net/artwork/tornadus-therian.jpg
1045,Thundurus-Therian,https://img.pokemondb.net/artwork/thundurus-therian.jpg
1046,Landorus-Therian,https://img.pokemondb.net/artwork/landorus-therian.jpg
1047,Kyurem-Black,https://img.pokemondb.net/artwork/kyurem-black.jpg
1048,Kyurem-White,https://img.pokemondb.net/artwork/kyurem-white.jpg
1049,Keldeo-Resolute,https://img.pokemondb.net/artwork/keldeo-resolute.jpg
1050,Meowstic-Female,https://img.pokemondb.net/artwork/meowstic-female.jpg
1051,Aegislash-Blade,https://img.pokemondb.net/artwork/aegislash-blade.jpg
1052,Pumpkaboo-Small,https://img.pokemondb.net/artwork/pumpkaboo-small.jpg
1053,Pumpkaboo-Large,https://img.pokemondb.net/artwork/pumpkaboo-large.jpg
1054,Pumpkaboo-Super,https://img.pokemondb.net/artwork/pumpkaboo-super.jpg
1055,Gourgeist-Small,https://img.pokemondb.net/artwork/gourgeist-small.jpg
1056,Gourgeist-Large,https://img.pokemondb.net/artwork/gourgeist-large.jpg
1057,Gourgeist-Super,https://img.pokemondb.net/artwork/gourgeist-super.jpg
1058,Venusaur-Mega,https://img.pokemondb.net/artwork/venusaur-mega.jpg
1059,Charizard-Mega-X,https://img.pokemondb.net/artwork/charizard-mega-x.jpg
1060,Charizard-Mega-Y,https://img.pokemondb.net/artwork/charizard-mega-y.jpg
1061,Blastoise-Mega,https://img.pokemondb.net/artwork/blastoise-mega.jpg
1062,Alakazam-Mega,https://img.pokemondb.net/artwork/alakazam-mega.jpg
1063,Gengar-Mega,https://img.pokemondb.net/artwork/gengar-mega.jpg
1064,Kangaskhan-Mega,https://img.pokemondb.net/artwork/kangaskhan-mega.jpg
1065,Pinsir-Mega,https://img.pokemondb.net/artwork/pinsir-mega.jpg
1066,Gyarados-Mega,https://img.pokemondb.net/artwork/gyarados-mega.jpg
1067,Aerodactyl-Mega,https://img.pokemondb.net/artwork/aerodactyl-mega.jpg
1068,Mewtwo-Mega-X,https://img.pokemondb.net/artwork/mewtwo-mega-x.jpg
1069,Mewtwo-Mega-Y,https://img.pokemondb.net/artwork/mewtwo-mega-y.jpg
1070,Ampharos-Mega,https://img.pokemondb.net/artwork/ampharos-mega.jpg
1071,Scizor-Mega,https://img.pokemondb.net/artwork/scizor-mega.jpg
1072,Heracross-Mega,https://img.pokemondb.net/artwork/heracross-mega.jpg
1073,Houndoom-Mega,https://img.pokemondb.net/artwork/houndoom-mega.jpg
1074,Tyranitar-Mega,https://img.pokemondb.net/artwork/tyranitar-mega.jpg
1075,Blaziken-Mega,https://img.pokemondb.net/artwork/blaziken-mega.jpg
1076,Gardevoir-Mega,https://img.pokemondb.net/artwork/gardevoir-mega.jpg
1077,Mawile-Mega,https://img.pokemondb.net/artwork/mawile-mega.jpg
1078,Aggron-Mega,https://img.pokemondb.net/artwork/aggron-mega.jpg
1079,Medicham-Mega,https://img.pokemondb.net/artwork/medicham-mega.jpg
1080,Manectric-Mega,https://img.pokemondb.net/artwork/manectric-mega.jpg
1081,Banette-Mega,https://img.pokemondb.net/artwork/banette-mega.jpg
1082,Absol-Mega,https://img.pokemondb.net/artwork/absol-mega.jpg
1083,Garchomp-Mega,https://img.pokemondb.net/artwork/garchomp-mega.jpg
1084,Lucario-Mega,https://img.pokemondb.net/artwork/lucario-mega.jpg
1085,Abomasnow-Mega,https://img.pokemondb.net/artwork/abomasnow-mega.jpg
1086,Floette-Eternal,https://img.pokemondb.net/artwork/floette-eternal.jpg
1087,Latias-Mega,https://img.pokemondb.net/artwork/latias-mega.jpg
1088,Latios-Mega,https://img.pokemondb.net/artwork/latios-mega.jpg
1089,Swampert-Mega,https://img.pokemondb.net/artwork/swampert-mega.jpg
1090,Sceptile-Mega,https://img.pokemondb.net/artwork/sceptile-mega.jpg
1091,Sableye-Mega,https://img.pokemondb.net/artwork/sableye-mega.jpg
1092,Altaria-Mega,https://img.pokemondb.net/artwork/altaria-mega.jpg
1093,Gallade-Mega,https://img.pokemondb.net/artwork/gallade-mega.jpg
1094,Audino-Mega,https://img.pokemondb.net/artwork/audino-mega.jpg
1095,Sharpedo-Mega,https://img.pokemondb.net/artwork/sharpedo-mega.jpg
1096,Slowbro-Mega,https://img.pokemondb.net/artwork/slowbro-mega.jpg
1097,Steelix-Mega,https://img.pokemondb.net/artwork/steelix-mega.jpg
1098,Pidgeot-Mega,https://img.pokemondb.net/artwork/pidgeot-mega.jpg
1099,Glalie-Mega,https://img.pokemondb.net/artwork/glalie-mega.jpg
1100,Diancie-Mega,https://img.pokemondb.net/artwork/diancie-mega.jpg
1101,Metagross-Mega,https://img.pokemondb.net/artwork/metagross-mega.jpg
1102,Kyogre-Primal,https://img.pokemondb.net/artwork/kyogre-primal.jpg
1103,Groudon-Primal,https://img.pokemondb.net/artwork/groudon-primal.jpg
1104,Rayquaza-Mega,https://img.pokemondb.net/artwork/rayquaza-mega.jpg
1105,Pikachu-Rock-Star,https://img.pokemondb.net/artwork/pikachu-rock-star.jpg
1106,Pikachu-Belle,https://img.pokemondb.net/artwork/pikachu-belle.jpg
1107,Pikachu-Pop-Star,https://img.pokemondb.net/artwork/pikachu-pop-star.jpg
1108,Pikachu-Phd,https://img.pokemondb.net/artwork/pikachu-phd.jpg
1109,Pikachu-Libre,https://img.pokemondb.net/artwork/pikachu-libre.jpg
1110,Pikachu-Cosplay,https://img.pokemondb.net/artwork/pikachu-cosplay.jpg
1111,Hoopa-Unbound,https://img.pokemondb.net/artwork/hoopa-unbound.jpg
1112,Camerupt-Mega,https://img.pokemondb.net/artwork/camerupt-mega.jpg
1113,Lopunny-Mega,https://img.pokemondb.net/artwork/lopunny-mega.jpg
1114,Salamence-Mega,https://img.pokemondb.net/artwork/salamence-mega.jpg
1115,Beedrill-Mega,https://img.pokemondb.net/artwork/beedrill-mega.jpg
1116,Rattata-Alola,https://img.pokemondb.net/artwork/rattata-alola.jpg
1117,Raticate-Alola,https://img.pokemondb.net/artwork/raticate-alola.jpg
1118,Raticate-Totem-Alola,https://img.pokemondb.net/artwork/raticate-totem-alola.jpg
1119,Pikachu-Original-Cap,https://img.pokemondb.net/artwork/pikachu-original-cap.jpg
1120,Pikachu-Hoenn-Cap,https://img.pokemondb.net/artwork/pikachu-hoenn-cap.jpg
1121,Pikachu-Sinnoh-Cap,https://img.pokemondb.net/artwork/pikachu-sinnoh-cap.jpg
1122,Pikachu-Unova-Cap,https://img.pokemondb.net/artwork/pikachu-unova-cap.jpg
1123,Pikachu-Kalos-Cap,https://img.pokemondb.net/artwork/pikachu-kalos-cap.jpg
1124,Pikachu-Alola-Cap,https://img.pokemondb.net/artwork/pikachu-alola-cap.jpg
1125,Raichu-Alola,https://img.pokemondb.net/artwork/raichu-alola.jpg
1126,Sandshrew-Alola,https://img.pokemondb.net/artwork/sandshrew-alola.jpg
1127,Sandslash-Alola,https://img.pokemondb.net/artwork/sandslash-alola.jpg
1128,Vulpix-Alola,https://img.pokemondb.net/artwork/vulpix-alola.jpg
1129,Ninetales-Alola,https://img.pokemondb.net/artwork/ninetales-alola.jpg
1130,Diglett-Alola,https://img.pokemondb.net/artwork/diglett-alola.jpg
1131,Dugtrio-Alola,https://img.pokemondb.net/artwork/dugtrio-alola.jpg
1132,Meowth-Alola,https://img.pokemondb.net/artwork/meowth-alola.jpg
1133,Persian-Alola,https://img.pokemondb.net/artwork/persian-alola.jpg
1134,Geodude-Alola,https://img.pokemondb.net/artwork/geodude-alola.jpg
1135,Graveler-Alola,https://img.pokemondb.net/artwork/graveler-alola.jpg
1136,Golem-Alola,https://img.pokemondb.net/artwork/golem-alola.jpg
1137,Grimer-Alola,https://img.pokemondb.net/artwork/grimer-alola.jpg
1138,Muk-Alola,https://img.pokemondb.net/artwork/muk-alola.jpg
1139,Exeggutor-Alola,https://img.pokemondb.net/artwork/exeggutor-alola.jpg
1140,Marowak-Alola,https://img.pokemondb.net/artwork/marowak-alola.jpg
1141,Greninja-Battle-Bond,https://img.pokemondb.net/artwork/greninja-battle-bond.jpg
1142,Greninja-Ash,https://img.pokemondb.net/artwork/greninja-ash.jpg
1143,Zygarde-10-Power-Construct,https://img.pokemondb.net/artwork/zygarde-10-power-construct.jpg
1144,Zygarde-50-Power-Construct,https://img.pokemondb.net/artwork/zygarde-50-power-construct.jpg
1145,Zygarde-Complete,https://img.pokemondb.net/artwork/zygarde-complete.jpg
1146,Gumshoos-Totem,https://img.pokemondb.net/artwork/gumshoos-totem.jpg
1147,Vikavolt-Totem,https://img.pokemondb.net/artwork/vikavolt-totem.jpg
1148,Oricorio-Pom-Pom,https://img.pokemondb.net/artwork/oricorio-pom-pom.jpg
1149,Oricorio-Pau,https://img.pokemondb.net/artwork/oricorio-pau.jpg
1150,Oricorio-Sensu,https://img.pokemondb.net/artwork/oricorio-sensu.jpg
1151,Lycanroc-Midnight,https://img.pokemondb.net/artwork/lycanroc-midnight.jpg
1152,Wishiwashi-School,https://img.pokemondb.net/artwork/wishiwashi-school.jpg
1153,Lurantis-Totem,https://img.pokemondb.net/artwork/lurantis-totem.jpg
1154,Salazzle-Totem,https://img.pokemondb.net/artwork/salazzle-totem.jpg
1155,Minior-Orange-Meteor,https://img.pokemondb.net/artwork/minior-orange-meteor.jpg
1156,Minior-Yellow-Meteor,https://img.pokemondb.net/artwork/minior-yellow-meteor.jpg
1157,Minior-Green-Meteor,https://img.pokemondb.net/artwork/minior-green-meteor.jpg
1158,Minior-Blue-Meteor,https://img.pokemondb.net/artwork/minior-blue-meteor.jpg
1159,Minior-Indigo-Meteor,https://img.pokemondb.net/artwork/minior-indigo-meteor.jpg
1160,Minior-Violet-Meteor,https://img.pokemondb.net/artwork/minior-violet-meteor.jpg
1161,Minior-Red,https://img.pokemondb.net/artwork/minior-red.jpg
1162,Minior-Orange,https://img.pokemondb.net/artwork/minior-orange.jpg
1163,Minior-Yellow,https://img.pokemondb.net/artwork/minior-yellow.jpg
1164,Minior-Green,https://img.pokemondb.net/artwork/minior-green.jpg
1165,Minior-Blue,https://img.pokemondb.net/artwork/minior-blue.jpg
1166,Minior-Indigo,https://img.pokemondb.net/artwork/minior-indigo.jpg
1167,Minior-Violet,https://img.pokemondb.net/artwork/minior-violet.jpg
1168,Mimikyu-Busted,https://img.pokemondb.net/artwork/mimikyu-busted.jpg
1169,Mimikyu-Totem-Disguised,https://img.pokemondb.net/artwork/mimikyu-totem-disguised.jpg
1170,Mimikyu-Totem-Busted,https://img.pokemondb.net/artwork/mimikyu-totem-busted.jpg
1171,Kommo-O-Totem,https://img.pokemondb.net/artwork/kommo-o-totem.jpg
1172,Magearna-Original,https://img.pokemondb.net/artwork/magearna-original.jpg
1173,Pikachu-Partner-Cap,https://img.pokemondb.net/artwork/pikachu-partner-cap.jpg
1174,Marowak-Totem,https://img.pokemondb.net/artwork/marowak-totem.jpg
1175,Ribombee-Totem,https://img.pokemondb.net/artwork/ribombee-totem.jpg
1176,Rockruff-Own-Tempo,https://img.pokemondb.net/artwork/rockruff-own-tempo.jpg
1177,Lycanroc-Dusk,https://img.pokemondb.net/artwork/lycanroc-dusk.jpg
1178,Araquanid-Totem,https://img.pokemondb.net/artwork/araquanid-totem.jpg
1179,Togedemaru-Totem,https://img.pokemondb.net/artwork/togedemaru-totem.jpg
1180,Necrozma-Dusk,https://img.pokemondb.net/artwork/necrozma-dusk.jpg
1181,Necrozma-Dawn,https://img.pokemondb.net/artwork/necrozma-dawn.jpg
1182,Necrozma-Ultra,https://img.pokemondb.net/artwork/necrozma-ultra.jpg
1183,Pikachu-Starter,https://img.pokemondb.net/artwork/pikachu-starter.jpg
1184,Eevee-Starter,https://img.pokemondb.net/artwork/eevee-starter.jpg
1185,Pikachu-World-Cap,https://img.pokemondb.net/artwork/pikachu-world-cap.jpg
1186,Meowth-Galar,https://img.pokemondb.net/artwork/meowth-galar.jpg
1187,Ponyta-Galar,https://img.pokemondb.net/artwork/ponyta-galar.jpg
1188,Rapidash-Galar,https://img.pokemondb.net/artwork/rapidash-galar.jpg
1189,Slowpoke-Galar,https://img.pokemondb.net/artwork/slowpoke-galar.jpg
1190,Slowbro-Galar,https://img.pokemondb.net/artwork/slowbro-galar.jpg
1191,Farfetchd-Galar,https://img.pokemondb.net/artwork/farfetchd-galar.jpg
1192,Weezing-Galar,https://img.pokemondb.net/artwork/weezing-galar.jpg
1193,Mr-Mime-Galar,https://img.pokemondb.net/artwork/mr-mime-galar.jpg
1194,Articuno-Galar,https://img.pokemondb.net/artwork/articuno-galar.jpg
1195,Zapdos-Galar,https://img.pokemondb.net/artwork/zapdos-galar.jpg
1196,Moltres-Galar,https://img.pokemondb.net/artwork/moltres-galar.jpg
1197,Slowking-Galar,https://img.pokemondb.net/artwork/slowking-galar.jpg
1198,Corsola-Galar,https://img.pokemondb.net/artwork/corsola-galar.jpg
1199,Zigzagoon-Galar,https://img.pokemondb.net/artwork/zigzagoon-galar.jpg
1200,Linoone-Galar,https://img.pokemondb.net/artwork/linoone-galar.jpg
1201,Darumaka-Galar,https://img.pokemondb.net/artwork/darumaka-galar.jpg
1202,Darmanitan-Galar-Standard,https://img.pokemondb.net/artwork/darmanitan-galar-standard.jpg
1203,Darmanitan-Galar-Zen,https://img.pokemondb.net/artwork/darmanitan-galar-zen.jpg
1204,Yamask-Galar,https://img.pokemondb.net/artwork/yamask-galar.jpg
1205,Stunfisk-Galar,https://img.pokemondb.net/artwork/stunfisk-galar.jpg
1206,Zygarde-10,https://img.pokemondb.net/artwork/zygarde-10.jpg
1207,Cramorant-Gulping,https://img.pokemondb.net/artwork/cramorant-gulping.jpg
1208,Cramorant-Gorging,https://img.pokemondb.net/artwork/cramorant-gorging.jpg
1209,Toxtricity-Low-Key,https://img.pokemondb.net/artwork/toxtricity-low-key.jpg
1210,Eiscue-Noice,https://img.pokemondb.net/artwork/eiscue-noice.jpg
1211,Indeedee-Female,https://img.pokemondb.net/artwork/indeedee-female.jpg
1212,Morpeko-Hangry,https://img.pokemondb.net/artwork/morpeko-hangry.jpg
1213,Zacian-Crowned,https://img.pokemondb.net/artwork/zacian-crowned.jpg
1214,Zamazenta-Crowned,https://img.pokemondb.net/artwork/zamazenta-crowned.jpg
1215,Eternatus-Eternamax,https://img.pokemondb.net/artwork/eternatus-eternamax.jpg
1216,Urshifu-Rapid-Strike,https://img.pokemondb.net/artwork/urshifu-rapid-strike.jpg
1217,Zarude-Dada,https://img.pokemondb.net/artwork/zarude-dada.jpg
1218,Calyrex-Ice,https://img.pokemondb.net/artwork/calyrex-ice.jpg
1219,Calyrex-Shadow,https://img.pokemondb.net/artwork/calyrex-shadow.jpg
1220,Venusaur-Gmax,https://img.pokemondb.net/artwork/venusaur-gmax.jpg
1221,Charizard-Gmax,https://img.pokemondb.net/artwork/charizard-gmax.jpg
1222,Blastoise-Gmax,https://img.pokemondb.net/artwork/blastoise-gmax.jpg
1223,Butterfree-Gmax,https://img.pokemondb.net/artwork/butterfree-gmax.jpg
1224,Pikachu-Gmax,https://img.pokemondb.net/artwork/pikachu-gmax.jpg
1225,Meowth-Gmax,https://img.pokemondb.net/artwork/meowth-gmax.jpg
1226,Machamp-Gmax,https://img.pokemondb.net/artwork/machamp-gmax.jpg
1227,Gengar-Gmax,https://img.pokemondb.net/artwork/gengar-gmax.jpg
1228,Kingler-Gmax,https://img.pokemondb.net/artwork/kingler-gmax.jpg
1229,Lapras-Gmax,https://img.pokemondb.net/artwork/lapras-gmax.jpg
1230,Eevee-Gmax,https://img.pokemondb.net/artwork/eevee-gmax.jpg
1231,Snorlax-Gmax,https://img.pokemondb.net/artwork/snorlax-gmax.jpg
1232,Garbodor-Gmax,https://img.pokemondb.net/artwork/garbodor-gmax.jpg
1233,Melmetal-Gmax,https://img.pokemondb.net/artwork/melmetal-gmax.jpg
1234,Rillaboom-Gmax,https://img.pokemondb.net/artwork/rillaboom-gmax.jpg
1235,Cinderace-Gmax,https://img.pokemondb.net/artwork/cinderace-gmax.jpg
1236,Inteleon-Gmax,https://img.pokemondb.net/artwork/inteleon-gmax.jpg
1237,Corviknight-Gmax,https://img.pokemondb.net/artwork/corviknight-gmax.jpg
1238,Orbeetle-Gmax,https://img.pokemondb.net/artwork/orbeetle-gmax.jpg
1239,Drednaw-Gmax,https://img.pokemondb.net/artwork/drednaw-gmax.jpg
1240,Coalossal-Gmax,https://img.pokemondb.net/artwork/coalossal-gmax.jpg
1241,Flapple-Gmax,https://img.pokemondb.net/artwork/flapple-gmax.jpg
1242,Appletun-Gmax,https://img.pokemondb.net/artwork/appletun-gmax.jpg
1243,Sandaconda-Gmax,https://img.pokemondb.net/artwork/sandaconda-gmax.jpg
1244,Toxtricity-Amped-Gmax,https://img.pokemondb.net/artwork/toxtricity-amped-gmax.jpg
1245,Centiskorch-Gmax,https://img.pokemondb.net/artwork/centiskorch-gmax.jpg
1246,Hatterene-Gmax,https://img.pokemondb.net/artwork/hatterene-gmax.jpg
1247,Grimmsnarl-Gmax,https://img.pokemondb.net/artwork/grimmsnarl-gmax.jpg
1248,Alcremie-Gmax,https://img.pokemondb.net/artwork/alcremie-gmax.jpg
1249,Copperajah-Gmax,https://img.pokemondb.net/artwork/copperajah-gmax.jpg
1250,Duraludon-Gmax,https://img.pokemondb.net/artwork/duraludon-gmax.jpg
1251,Urshifu-Single-Strike-Gmax,https://img.pokemondb.net/artwork/urshifu-single-strike-gmax.jpg
1252,Urshifu-Rapid-Strike-Gmax,https://img.pokemondb.net/artwork/urshifu-rapid-strike-gmax.jpg
1253,Toxtricity-Low-Key-Gmax,https://img.pokemondb.net/artwork/toxtricity-low-key-gmax.jpg
1254,Growlithe-Hisui,https://img.pokemondb.net/artwork/growlithe-hisui.jpg
1255,Arcanine-Hisui,https://img.pokemondb.net/artwork/arcanine-hisui.jpg
1256,Voltorb-Hisui,https://img.pokemondb.net/artwork/voltorb-hisui.jpg
1257,Electrode-Hisui,https://img.pokemondb.net/artwork/electrode-hisui.jpg
1258,Typhlosion-Hisui,https://img.pokemondb.net/artwork/typhlosion-hisui.jpg
1259,Qwilfish-Hisui,https://img.pokemondb.net/artwork/qwilfish-hisui.jpg
1260,Sneasel-Hisui,https://img.pokemondb.net/artwork/sneasel-hisui.jpg
1261,Samurott-Hisui,https://img.pokemondb.net/artwork/samurott-hisui.jpg
1262,Lilligant-Hisui,https://img.pokemondb.net/artwork/lilligant-hisui.jpg
1263,Zorua-Hisui,https://img.pokemondb.net/artwork/zorua-hisui.jpg
1264,Zoroark-Hisui,https://img.pokemondb.net/artwork/zoroark-hisui.jpg
1265,Braviary-Hisui,https://img.pokemondb.net/artwork/braviary-hisui.jpg
1266,Sliggoo-Hisui,https://img.pokemondb.net/artwork/sliggoo-hisui.jpg
1267,Goodra-Hisui,https://img.pokemondb.net/artwork/goodra-hisui.jpg
1268,Avalugg-Hisui,https://img.pokemondb.net/artwork/avalugg-hisui.jpg
1269,Decidueye-Hisui,https://img.pokemondb.net/artwork/decidueye-hisui.jpg
1270,Dialga-Origin,https://img.pokemondb.net/artwork/dialga-origin.jpg
1271,Palkia-Origin,https://img.pokemondb.net/artwork/palkia-origin.jpg
1272,Basculin-White-Striped,https://img.pokemondb.net/artwork/basculin-white-striped.jpg
1273,Basculegion-Female,https://img.pokemondb.net/artwork/basculegion-female.jpg
1274,Enamorus-Therian,https://img.pokemondb.net/artwork/enamorus-therian.jpg
1275,Tauros-Paldea-Combat-Breed,https://img.pokemondb.net/artwork/tauros-paldea-combat-breed.jpg
1276,Tauros-Paldea-Blaze-Breed,https://img.pokemondb.net/artwork/tauros-paldea-blaze-breed.jpg
1277,Tauros-Paldea-Aqua-Breed,https://img.pokemondb.net/artwork/tauros-paldea-aqua-breed.jpg
1278,Wooper-Paldea,https://img.pokemondb.net/artwork/wooper-paldea.jpg
1279,Oinkologne-Female,https://img.pokemondb.net/artwork/oinkologne-female.jpg
1280,Dudunsparce-Three-Segment,https://img.pokemondb.net/artwork/dudunsparce-three-segment.jpg
1281,Palafin-Hero,https://img.pokemondb.net/artwork/palafin-hero.jpg
1282,Maushold-Family-Of-Three,https://img.pokemondb.net/artwork/maushold-family-of-three.jpg
1283,Tatsugiri-Droopy,https://img.pokemondb.net/artwork/tatsugiri-droopy.jpg
1284,Tatsugiri-Stretchy,https://img.pokemondb.net/artwork/tatsugiri-stretchy.jpg
1285,Squawkabilly-Blue-Plumage,https://img.pokemondb.net/artwork/squawkabilly-blue-plumage.jpg
1286,Squawkabilly-Yellow-Plumage,https://img.pokemondb.net/artwork/squawkabilly-yellow-plumage.jpg
1287,Squawkabilly-White-Plumage,https://img.pokemondb.net/artwork/squawkabilly-white-plumage.jpg
1288,Gimmighoul-Roaming,https://img.pokemondb.net/artwork/gimmighoul-roaming.jpg
1289,Koraidon-Limited-Build,https://img.pokemondb.net/artwork/koraidon-limited-build.jpg
1290,Koraidon-Sprinting-Build,https://img.pokemondb.net/artwork/koraidon-sprinting-build.jpg
1291,Koraidon-Swimming-Build,https://img.pokemondb.net/artwork/koraidon-swimming-build.jpg
1292,Koraidon-Gliding-Build,https://img.pokemondb.net/artwork/koraidon-gliding-build.jpg
1293,Miraidon-Low-Power-Mode,https://img.pokemondb.net/artwork/miraidon-low-power-mode.jpg
1294,Miraidon-Drive-Mode,https://img.pokemondb.net/artwork/miraidon-drive-mode.jpg
1295,Miraidon-Aquatic-Mode,https://img.pokemondb.net/artwork/miraidon-aquatic-mode.jpg
1296,Miraidon-Glide-Mode,https://img.pokemondb.net/artwork/miraidon-glide-mode.jpg
1297,Ursaluna-Bloodmoon,https://img.pokemondb.net/artwork/ursaluna-bloodmoon.jpg
1298,Ogerpon-Wellspring-Mask,https://img.pokemondb.net/artwork/ogerpon-wellspring-mask.jpg
1299,Ogerpon-Hearthflame-Mask,https://img.pokemondb.net/artwork/ogerpon-hearthflame-mask.jpg
1300,Ogerpon-Cornerstone-Mask,https://img.pokemondb.net/artwork/ogerpon-cornerstone-mask.jpg
1301,Terapagos-Terastal,https://img.pokemondb.net/artwork/terapagos-terastal.jpg
1302,Terapagos-Stellar,https://img.pokemondb.net/artwork/terapagos-stellar.jpg
